,Player,Team,Pos,Receptions,ReceivingYds,ReceivingTD,FL,RushingAtt,RushingYds,RushingTD,PassingAtt,PassingCmp,PassingYds,PassingTD,Int,FieldGoalsMade,FieldGoalsAttempted,ExtraPointsMade,TotalSacks,TotalInt,FumblesRecovered,FumblesForced,DefensiveTDs,SafetysForced,PointsAllowed,FantasyPoints
0,Josh Allen,BUF,QB,0.0,0.0,0.0,5.1,110.8,519.9,8.0,605.4,400.6,4586.8,33.4,13.3,0.0,0.0,0.0,0.0,0.0,0.0,0.0,0.0,0.0,0.0,380.1
1,Patrick Mahomes II,KC,QB,0.0,0.0,0.0,2.5,55.2,266.9,2.9,631.8,420.3,5047.3,38.5,8.9,0.0,0.0,0.0,0.0,0.0,0.0,0.0,0.0,0.0,0.0,377.6
2,Kyler Murray,ARI,QB,0.0,0.0,0.0,3.7,127.0,704.1,7.8,584.6,388.1,4176.4,26.5,12.4,0.0,0.0,0.0,0.0,0.0,0.0,0.0,0.0,0.0,0.0,358.3
3,Lamar Jackson,BAL,QB,0.0,0.0,0.0,4.0,152.4,918.6,6.6,462.1,295.4,3376.8,29.0,12.2,0.0,0.0,0.0,0.0,0.0,0.0,0.0,0.0,0.0,0.0,350.3
4,Dak Prescott,DAL,QB,0.0,0.0,0.0,4.2,63.8,298.3,4.1,622.1,415.6,4843.3,31.1,11.1,0.0,0.0,0.0,0.0,0.0,0.0,0.0,0.0,0.0,0.0,341.8
5,Justin Herbert,LAC,QB,0.0,0.0,0.0,2.6,61.5,273.4,4.4,617.4,402.5,4619.8,31.0,12.0,0.0,0.0,0.0,0.0,0.0,0.0,0.0,0.0,0.0,0.0,333.4
6,Russell Wilson,SEA,QB,0.0,0.0,0.0,3.5,83.3,450.1,2.1,570.6,380.4,4248.5,34.4,12.3,0.0,0.0,0.0,0.0,0.0,0.0,0.0,0.0,0.0,0.0,333.4
7,Aaron Rodgers,GB,QB,0.0,0.0,0.0,3.1,41.0,174.0,1.9,571.2,384.8,4457.3,36.6,7.2,0.0,0.0,0.0,0.0,0.0,0.0,0.0,0.0,0.0,0.0,332.9
8,Tom Brady,TB,QB,0.0,0.0,0.0,2.2,23.8,29.9,2.0,621.5,404.8,4706.1,36.8,11.9,0.0,0.0,0.0,0.0,0.0,0.0,0.0,0.0,0.0,0.0,322.3
9,Jalen Hurts,PHI,QB,0.0,0.0,0.0,4.9,138.0,710.7,5.9,542.5,329.0,3748.6,22.6,15.1,0.0,0.0,0.0,0.0,0.0,0.0,0.0,0.0,0.0,0.0,307.2
10,Ryan Tannehill,TEN,QB,0.0,0.0,0.0,2.9,51.5,227.9,3.4,531.2,351.4,4151.4,30.5,10.5,0.0,0.0,0.0,0.0,0.0,0.0,0.0,0.0,0.0,0.0,304.7
0,Christian McCaffrey,CAR,RB,96.9,787.9,12.1,2.5,297.7,1304.2,12.1,0.0,0.0,0.0,0.0,0.0,0.0,0.0,0.0,0.0,0.0,0.0,0.0,0.0,0.0,0.0,302.2
11,Joe Burrow,CIN,QB,0.0,0.0,0.0,4.2,54.3,228.3,3.0,611.4,400.3,4318.7,26.4,11.5,0.0,0.0,0.0,0.0,0.0,0.0,0.0,0.0,0.0,0.0,288.1
12,Matthew Stafford,LAR,QB,0.0,0.0,0.0,3.2,33.4,126.7,0.8,610.0,404.1,4546.4,28.5,11.5,0.0,0.0,0.0,0.0,0.0,0.0,0.0,0.0,0.0,0.0,283.8
1,Dalvin Cook,MIN,RB,56.0,481.7,13.0,2.9,317.4,1490.2,13.0,0.0,0.0,0.0,0.0,0.0,0.0,0.0,0.0,0.0,0.0,0.0,0.0,0.0,0.0,0.0,281.2
13,Trevor Lawrence,JAC,QB,0.0,0.0,0.0,5.2,66.8,342.3,2.3,592.2,378.9,4151.1,24.7,13.3,0.0,0.0,0.0,0.0,0.0,0.0,0.0,0.0,0.0,0.0,275.8
2,Derrick Henry,TEN,RB,25.8,191.8,14.4,2.7,344.4,1687.0,14.4,0.0,0.0,0.0,0.0,0.0,0.0,0.0,0.0,0.0,0.0,0.0,0.0,0.0,0.0,0.0,275.8
14,Kirk Cousins,MIN,QB,0.0,0.0,0.0,4.1,35.3,114.3,1.1,542.9,365.4,4287.2,30.0,13.0,0.0,0.0,0.0,0.0,0.0,0.0,0.0,0.0,0.0,0.0,275.3
15,Matt Ryan,ATL,QB,0.0,0.0,0.0,4.3,33.2,119.3,1.4,613.9,401.5,4519.0,27.0,12.8,0.0,0.0,0.0,0.0,0.0,0.0,0.0,0.0,0.0,0.0,274.8
16,Derek Carr,LV,QB,0.0,0.0,0.0,5.3,31.5,110.4,1.8,565.1,374.4,4313.1,26.7,10.9,0.0,0.0,0.0,0.0,0.0,0.0,0.0,0.0,0.0,0.0,268.7
17,Tua Tagovailoa,MIA,QB,0.0,0.0,0.0,1.7,54.3,205.7,2.7,574.6,374.9,3957.3,25.9,13.5,0.0,0.0,0.0,0.0,0.0,0.0,0.0,0.0,0.0,0.0,268.3
18,Baker Mayfield,CLE,QB,0.0,0.0,0.0,3.3,44.2,168.4,1.8,537.1,343.5,3949.3,28.0,11.4,0.0,0.0,0.0,0.0,0.0,0.0,0.0,0.0,0.0,0.0,267.9
19,Carson Wentz,IND,QB,0.0,0.0,0.0,5.8,62.7,273.9,3.2,552.0,347.0,3817.8,26.0,13.3,0.0,0.0,0.0,0.0,0.0,0.0,0.0,0.0,0.0,0.0,264.9
20,Ben Roethlisberger,PIT,QB,0.0,0.0,0.0,2.3,20.8,44.5,0.5,624.1,405.2,4222.6,29.7,14.4,0.0,0.0,0.0,0.0,0.0,0.0,0.0,0.0,0.0,0.0,261.9
21,Daniel Jones,NYG,QB,0.0,0.0,0.0,8.5,71.0,406.9,2.7,546.8,342.4,3753.9,22.8,13.6,0.0,0.0,0.0,0.0,0.0,0.0,0.0,0.0,0.0,0.0,253.9
22,Sam Darnold,CAR,QB,0.0,0.0,0.0,3.9,50.3,219.8,3.3,555.5,350.3,3923.5,21.8,15.0,0.0,0.0,0.0,0.0,0.0,0.0,0.0,0.0,0.0,0.0,248.4
23,Zach Wilson,NYJ,QB,0.0,0.0,0.0,5.5,64.3,306.1,2.3,554.2,347.3,3917.9,21.6,14.9,0.0,0.0,0.0,0.0,0.0,0.0,0.0,0.0,0.0,0.0,246.3
24,Ryan Fitzpatrick,WAS,QB,0.0,0.0,0.0,2.3,47.6,232.1,3.0,541.7,358.4,3841.7,21.9,16.4,0.0,0.0,0.0,0.0,0.0,0.0,0.0,0.0,0.0,0.0,245.5
25,Jared Goff,DET,QB,0.0,0.0,0.0,4.1,39.9,89.8,1.7,578.6,370.9,4150.5,22.5,14.9,0.0,0.0,0.0,0.0,0.0,0.0,0.0,0.0,0.0,0.0,236.9
3,Alvin Kamara,NO,RB,77.9,666.5,9.7,1.9,206.9,945.7,9.7,0.0,0.0,0.0,0.0,0.0,0.0,0.0,0.0,0.0,0.0,0.0,0.0,0.0,0.0,0.0,236.2
4,Saquon Barkley,NYG,RB,57.8,448.6,9.4,1.8,272.9,1261.8,9.4,0.0,0.0,0.0,0.0,0.0,0.0,0.0,0.0,0.0,0.0,0.0,0.0,0.0,0.0,0.0,235.7
5,Jonathan Taylor,IND,RB,42.3,325.6,11.0,1.9,275.3,1280.6,11.0,0.0,0.0,0.0,0.0,0.0,0.0,0.0,0.0,0.0,0.0,0.0,0.0,0.0,0.0,0.0,234.0
0,Tyreek Hill,KC,WR,100.7,1440.3,12.2,0.7,12.9,81.8,0.8,0.0,0.0,0.0,0.0,0.0,0.0,0.0,0.0,0.0,0.0,0.0,0.0,0.0,0.0,0.0,229.3
6,Nick Chubb,CLE,RB,28.7,227.5,11.1,1.9,274.3,1374.5,11.1,0.0,0.0,0.0,0.0,0.0,0.0,0.0,0.0,0.0,0.0,0.0,0.0,0.0,0.0,0.0,228.8
7,Aaron Jones,GB,RB,50.1,392.0,10.3,2.1,231.1,1120.1,10.3,0.0,0.0,0.0,0.0,0.0,0.0,0.0,0.0,0.0,0.0,0.0,0.0,0.0,0.0,0.0,224.3
1,Davante Adams,GB,WR,123.6,1492.7,12.6,0.8,0.0,0.0,0.0,0.0,0.0,0.0,0.0,0.0,0.0,0.0,0.0,0.0,0.0,0.0,0.0,0.0,0.0,0.0,223.4
8,Ezekiel Elliott,DAL,RB,53.0,392.4,9.5,2.9,279.3,1192.0,9.5,0.0,0.0,0.0,0.0,0.0,0.0,0.0,0.0,0.0,0.0,0.0,0.0,0.0,0.0,0.0,223.4
26,Deshaun Watson,HOU,QB,0.0,0.0,0.0,3.0,60.0,282.5,2.9,380.7,258.9,3088.9,18.0,8.0,0.0,0.0,0.0,0.0,0.0,0.0,0.0,0.0,0.0,0.0,219.0
9,Joe Mixon,CIN,RB,50.2,368.3,8.2,2.0,278.1,1172.1,8.2,0.0,0.0,0.0,0.0,0.0,0.0,0.0,0.0,0.0,0.0,0.0,0.0,0.0,0.0,0.0,216.5
10,Najee Harris,PIT,RB,49.8,368.3,8.6,2.6,259.5,1153.4,8.6,0.0,0.0,0.0,0.0,0.0,0.0,0.0,0.0,0.0,0.0,0.0,0.0,0.0,0.0,0.0,212.1
12,Austin Ekeler,LAC,RB,80.4,698.8,4.7,1.6,180.8,822.2,4.7,0.0,0.0,0.0,0.0,0.0,0.0,0.0,0.0,0.0,0.0,0.0,0.0,0.0,0.0,0.0,206.8
11,Antonio Gibson,WAS,RB,45.6,331.8,9.9,2.1,245.4,1103.3,9.9,0.0,0.0,0.0,0.0,0.0,0.0,0.0,0.0,0.0,0.0,0.0,0.0,0.0,0.0,0.0,206.8
13,Cam Akers,LAR,RB,32.0,267.0,9.0,0.0,255.0,1146.0,9.0,0.0,0.0,0.0,0.0,0.0,0.0,0.0,0.0,0.0,0.0,0.0,0.0,0.0,0.0,0.0,201.3
2,Stefon Diggs,BUF,WR,112.6,1468.5,9.1,1.2,2.4,15.5,0.1,0.0,0.0,0.0,0.0,0.0,0.0,0.0,0.0,0.0,0.0,0.0,0.0,0.0,0.0,0.0,200.8
0,Travis Kelce,KC,TE,112.6,1405.5,10.1,0.8,0.0,0.0,0.0,0.0,0.0,0.0,0.0,0.0,0.0,0.0,0.0,0.0,0.0,0.0,0.0,0.0,0.0,0.0,199.8
3,Calvin Ridley,ATL,WR,99.7,1425.8,9.1,0.8,4.8,26.3,0.1,0.0,0.0,0.0,0.0,0.0,0.0,0.0,0.0,0.0,0.0,0.0,0.0,0.0,0.0,0.0,198.7
14,D'Andre Swift,DET,RB,60.0,447.1,8.4,2.3,206.6,905.8,8.4,0.0,0.0,0.0,0.0,0.0,0.0,0.0,0.0,0.0,0.0,0.0,0.0,0.0,0.0,0.0,193.3
27,Justin Fields,CHI,QB,0.0,0.0,0.0,4.5,60.7,306.0,2.5,393.3,252.0,2664.7,16.8,9.7,0.0,0.0,0.0,0.0,0.0,0.0,0.0,0.0,0.0,0.0,191.2
15,Chris Carson,SEA,RB,43.4,321.1,7.3,2.1,228.2,1045.5,7.3,0.0,0.0,0.0,0.0,0.0,0.0,0.0,0.0,0.0,0.0,0.0,0.0,0.0,0.0,0.0,190.8
16,J.K. Dobbins,BAL,RB,30.1,228.4,9.4,1.6,210.9,1071.5,9.4,0.0,0.0,0.0,0.0,0.0,0.0,0.0,0.0,0.0,0.0,0.0,0.0,0.0,0.0,0.0,189.7
17,Clyde Edwards-Helaire,KC,RB,50.0,385.4,7.0,1.8,221.3,996.0,7.0,0.0,0.0,0.0,0.0,0.0,0.0,0.0,0.0,0.0,0.0,0.0,0.0,0.0,0.0,0.0,189.6
4,DeAndre Hopkins,ARI,WR,121.8,1461.0,7.6,1.5,1.5,7.4,0.0,0.0,0.0,0.0,0.0,0.0,0.0,0.0,0.0,0.0,0.0,0.0,0.0,0.0,0.0,0.0,189.5
18,Josh Jacobs,LV,RB,31.5,236.3,9.4,2.0,249.8,1068.2,9.4,0.0,0.0,0.0,0.0,0.0,0.0,0.0,0.0,0.0,0.0,0.0,0.0,0.0,0.0,0.0,188.2
28,Cam Newton,NE,QB,0.0,0.0,0.0,1.8,81.7,354.3,5.7,304.5,200.8,2217.6,12.9,9.1,0.0,0.0,0.0,0.0,0.0,0.0,0.0,0.0,0.0,0.0,188.0
5,D.K. Metcalf,SEA,WR,86.6,1305.1,9.9,1.4,0.3,1.3,0.0,0.0,0.0,0.0,0.0,0.0,0.0,0.0,0.0,0.0,0.0,0.0,0.0,0.0,0.0,0.0,187.5
19,David Montgomery,CHI,RB,37.5,298.7,7.9,1.9,249.5,1044.7,7.9,0.0,0.0,0.0,0.0,0.0,0.0,0.0,0.0,0.0,0.0,0.0,0.0,0.0,0.0,0.0,187.1
6,Justin Jefferson,MIN,WR,94.5,1399.4,7.9,0.8,0.4,1.5,0.0,0.0,0.0,0.0,0.0,0.0,0.0,0.0,0.0,0.0,0.0,0.0,0.0,0.0,0.0,0.0,185.9
20,Miles Sanders,PHI,RB,43.4,361.0,6.4,1.8,217.8,1044.9,6.4,0.0,0.0,0.0,0.0,0.0,0.0,0.0,0.0,0.0,0.0,0.0,0.0,0.0,0.0,0.0,185.7
7,A.J. Brown,TEN,WR,84.6,1269.2,9.8,0.9,0.5,7.5,0.0,0.0,0.0,0.0,0.0,0.0,0.0,0.0,0.0,0.0,0.0,0.0,0.0,0.0,0.0,0.0,184.7
29,Jameis Winston,NO,QB,0.0,0.0,0.0,3.9,38.3,162.3,0.9,386.8,251.0,2836.6,19.4,12.7,0.0,0.0,0.0,0.0,0.0,0.0,0.0,0.0,0.0,0.0,179.9
21,Myles Gaskin,MIA,RB,48.2,372.9,6.1,2.1,215.9,917.4,6.1,0.0,0.0,0.0,0.0,0.0,0.0,0.0,0.0,0.0,0.0,0.0,0.0,0.0,0.0,0.0,173.2
30,Trey Lance,SF,QB,0.0,0.0,0.0,4.0,55.1,283.9,2.6,301.7,196.6,2290.6,14.6,8.3,0.0,0.0,0.0,0.0,0.0,0.0,0.0,0.0,0.0,0.0,168.9
8,Keenan Allen,LAC,WR,111.4,1207.9,7.9,1.0,3.0,16.3,0.1,0.0,0.0,0.0,0.0,0.0,0.0,0.0,0.0,0.0,0.0,0.0,0.0,0.0,0.0,0.0,168.2
9,Mike Evans,TB,WR,76.1,1115.8,9.6,0.7,0.0,0.0,0.0,0.0,0.0,0.0,0.0,0.0,0.0,0.0,0.0,0.0,0.0,0.0,0.0,0.0,0.0,0.0,167.6
22,Mike Davis,ATL,RB,48.8,311.9,6.6,1.9,227.0,895.3,6.6,0.0,0.0,0.0,0.0,0.0,0.0,0.0,0.0,0.0,0.0,0.0,0.0,0.0,0.0,0.0,166.6
10,Amari Cooper,DAL,WR,92.8,1221.3,7.4,0.8,2.6,11.8,0.0,0.0,0.0,0.0,0.0,0.0,0.0,0.0,0.0,0.0,0.0,0.0,0.0,0.0,0.0,0.0,166.3
11,Terry McLaurin,WAS,WR,91.4,1235.9,6.8,0.7,1.8,12.1,0.1,0.0,0.0,0.0,0.0,0.0,0.0,0.0,0.0,0.0,0.0,0.0,0.0,0.0,0.0,0.0,164.3
23,Darrell Henderson,LAR,RB,31.5,264.2,6.8,1.9,215.0,921.2,6.8,0.0,0.0,0.0,0.0,0.0,0.0,0.0,0.0,0.0,0.0,0.0,0.0,0.0,0.0,0.0,163.9
12,Michael Thomas,NO,WR,103.9,1237.2,6.7,0.8,0.3,-1.0,0.0,0.0,0.0,0.0,0.0,0.0,0.0,0.0,0.0,0.0,0.0,0.0,0.0,0.0,0.0,0.0,162.6
13,Allen Robinson II,CHI,WR,97.3,1213.8,6.8,0.7,0.3,0.3,0.0,0.0,0.0,0.0,0.0,0.0,0.0,0.0,0.0,0.0,0.0,0.0,0.0,0.0,0.0,0.0,160.9
14,Robert Woods,LAR,WR,98.8,1091.3,6.0,0.8,18.3,113.3,1.0,0.0,0.0,0.0,0.0,0.0,0.0,0.0,0.0,0.0,0.0,0.0,0.0,0.0,0.0,0.0,160.9
15,Adam Thielen,MIN,WR,81.1,1033.9,9.2,0.7,3.2,14.5,0.3,0.0,0.0,0.0,0.0,0.0,0.0,0.0,0.0,0.0,0.0,0.0,0.0,0.0,0.0,0.0,160.2
1,George Kittle,SF,TE,96.7,1213.4,6.6,0.7,0.0,0.0,0.0,0.0,0.0,0.0,0.0,0.0,0.0,0.0,0.0,0.0,0.0,0.0,0.0,0.0,0.0,0.0,159.6
24,Chase Edmonds,ARI,RB,52.2,381.9,4.9,1.5,173.2,770.8,4.9,0.0,0.0,0.0,0.0,0.0,0.0,0.0,0.0,0.0,0.0,0.0,0.0,0.0,0.0,0.0,159.1
16,CeeDee Lamb,DAL,WR,84.3,1100.8,6.7,0.8,8.5,61.4,0.6,0.0,0.0,0.0,0.0,0.0,0.0,0.0,0.0,0.0,0.0,0.0,0.0,0.0,0.0,0.0,158.4
2,Darren Waller,LV,TE,100.4,1148.5,7.1,0.9,0.0,0.0,0.0,0.0,0.0,0.0,0.0,0.0,0.0,0.0,0.0,0.0,0.0,0.0,0.0,0.0,0.0,0.0,155.9
17,Tyler Lockett,SEA,WR,92.5,1055.7,8.4,0.7,1.6,5.7,0.0,0.0,0.0,0.0,0.0,0.0,0.0,0.0,0.0,0.0,0.0,0.0,0.0,0.0,0.0,0.0,155.3
18,D.J. Moore,CAR,WR,82.9,1200.6,5.4,0.8,3.1,20.1,0.1,0.0,0.0,0.0,0.0,0.0,0.0,0.0,0.0,0.0,0.0,0.0,0.0,0.0,0.0,0.0,153.3
19,Julio Jones,TEN,WR,78.2,1107.3,7.2,0.7,0.5,-0.5,0.0,0.0,0.0,0.0,0.0,0.0,0.0,0.0,0.0,0.0,0.0,0.0,0.0,0.0,0.0,0.0,152.9
20,Cooper Kupp,LAR,WR,93.5,1070.8,7.2,0.7,4.0,23.8,0.1,0.0,0.0,0.0,0.0,0.0,0.0,0.0,0.0,0.0,0.0,0.0,0.0,0.0,0.0,0.0,151.8
21,Chris Godwin,TB,WR,82.3,1077.3,7.4,0.8,0.3,2.0,0.0,0.0,0.0,0.0,0.0,0.0,0.0,0.0,0.0,0.0,0.0,0.0,0.0,0.0,0.0,0.0,151.0
25,Kareem Hunt,CLE,RB,38.9,317.5,5.5,1.3,154.6,684.4,5.5,0.0,0.0,0.0,0.0,0.0,0.0,0.0,0.0,0.0,0.0,0.0,0.0,0.0,0.0,0.0,145.9
22,Courtland Sutton,DEN,WR,74.1,1057.3,6.7,0.8,1.7,9.4,0.0,0.0,0.0,0.0,0.0,0.0,0.0,0.0,0.0,0.0,0.0,0.0,0.0,0.0,0.0,0.0,145.6
23,Tee Higgins,CIN,WR,79.2,1062.4,6.4,0.8,2.3,12.3,0.0,0.0,0.0,0.0,0.0,0.0,0.0,0.0,0.0,0.0,0.0,0.0,0.0,0.0,0.0,0.0,144.3
24,Odell Beckham Jr.,CLE,WR,70.2,985.1,6.6,0.7,5.8,51.7,0.3,0.0,0.0,0.0,0.0,0.0,0.0,0.0,0.0,0.0,0.0,0.0,0.0,0.0,0.0,0.0,143.6
25,Kenny Golladay,NYG,WR,70.0,1046.5,6.6,0.7,0.0,0.0,0.0,0.0,0.0,0.0,0.0,0.0,0.0,0.0,0.0,0.0,0.0,0.0,0.0,0.0,0.0,0.0,143.0
26,Brandon Aiyuk,SF,WR,73.0,929.9,6.4,0.7,13.8,78.2,0.7,0.0,0.0,0.0,0.0,0.0,0.0,0.0,0.0,0.0,0.0,0.0,0.0,0.0,0.0,0.0,142.0
27,Ja'Marr Chase,CIN,WR,73.3,1063.0,6.1,1.2,1.5,8.2,0.0,0.0,0.0,0.0,0.0,0.0,0.0,0.0,0.0,0.0,0.0,0.0,0.0,0.0,0.0,0.0,141.7
26,Travis Etienne,JAC,RB,60.7,484.2,4.1,3.0,130.6,581.8,4.1,0.0,0.0,0.0,0.0,0.0,0.0,0.0,0.0,0.0,0.0,0.0,0.0,0.0,0.0,0.0,141.3
0,Harrison Butker,KC,K,0.0,0.0,0.0,0.0,0.0,0.0,0.0,0.0,0.0,0.0,0.0,0.0,29.8,33.8,50.4,0.0,0.0,0.0,0.0,0.0,0.0,0.0,139.8
27,Damien Harris,NE,RB,12.6,95.4,5.7,1.4,205.9,963.1,5.7,0.0,0.0,0.0,0.0,0.0,0.0,0.0,0.0,0.0,0.0,0.0,0.0,0.0,0.0,0.0,139.0
28,Raheem Mostert,SF,RB,23.8,207.7,6.1,1.4,154.2,768.2,6.1,0.0,0.0,0.0,0.0,0.0,0.0,0.0,0.0,0.0,0.0,0.0,0.0,0.0,0.0,0.0,138.9
28,Chase Claypool,PIT,WR,70.0,900.4,6.9,0.9,8.2,43.9,0.6,0.0,0.0,0.0,0.0,0.0,0.0,0.0,0.0,0.0,0.0,0.0,0.0,0.0,0.0,0.0,137.8
31,Teddy Bridgewater,DEN,QB,0.0,0.0,0.0,1.7,31.6,135.9,1.7,291.6,185.6,2100.8,12.7,9.1,0.0,0.0,0.0,0.0,0.0,0.0,0.0,0.0,0.0,0.0,137.3
29,Diontae Johnson,PIT,WR,94.7,985.7,6.3,1.4,4.4,27.2,0.1,0.0,0.0,0.0,0.0,0.0,0.0,0.0,0.0,0.0,0.0,0.0,0.0,0.0,0.0,0.0,136.8
29,James Robinson,JAC,RB,29.3,209.9,5.5,1.5,182.7,798.3,5.5,0.0,0.0,0.0,0.0,0.0,0.0,0.0,0.0,0.0,0.0,0.0,0.0,0.0,0.0,0.0,136.6
30,D.J. Chark Jr.,JAC,WR,74.5,993.6,6.4,0.6,0.3,3.3,0.0,0.0,0.0,0.0,0.0,0.0,0.0,0.0,0.0,0.0,0.0,0.0,0.0,0.0,0.0,0.0,136.5
31,Brandin Cooks,HOU,WR,73.5,1036.4,5.2,0.7,0.8,6.8,0.0,0.0,0.0,0.0,0.0,0.0,0.0,0.0,0.0,0.0,0.0,0.0,0.0,0.0,0.0,0.0,134.4
30,Javonte Williams,DEN,RB,25.1,194.1,5.2,2.0,183.3,814.1,5.2,0.0,0.0,0.0,0.0,0.0,0.0,0.0,0.0,0.0,0.0,0.0,0.0,0.0,0.0,0.0,134.1
1,Justin Tucker,BAL,K,0.0,0.0,0.0,0.0,0.0,0.0,0.0,0.0,0.0,0.0,0.0,0.0,28.7,33.0,47.6,0.0,0.0,0.0,0.0,0.0,0.0,0.0,133.7
32,Deebo Samuel,SF,WR,71.8,918.3,4.8,0.8,13.0,97.2,0.7,0.0,0.0,0.0,0.0,0.0,0.0,0.0,0.0,0.0,0.0,0.0,0.0,0.0,0.0,0.0,133.1
31,David Johnson,HOU,RB,35.9,322.5,4.7,1.5,147.8,619.2,4.7,0.0,0.0,0.0,0.0,0.0,0.0,0.0,0.0,0.0,0.0,0.0,0.0,0.0,0.0,0.0,133.1
2,Tyler Bass,BUF,K,0.0,0.0,0.0,0.0,0.0,0.0,0.0,0.0,0.0,0.0,0.0,0.0,28.2,33.3,48.3,0.0,0.0,0.0,0.0,0.0,0.0,0.0,132.9
3,Mark Andrews,BAL,TE,69.5,847.9,8.2,0.9,0.0,0.0,0.0,0.0,0.0,0.0,0.0,0.0,0.0,0.0,0.0,0.0,0.0,0.0,0.0,0.0,0.0,0.0,132.4
32,Taysom Hill,NO,QB,0.0,0.0,0.0,3.9,75.4,396.5,4.5,185.3,123.9,1302.9,7.6,4.9,0.0,0.0,0.0,0.0,0.0,0.0,0.0,0.0,0.0,0.0,131.8
3,Greg Zuerlein,DAL,K,0.0,0.0,0.0,0.0,0.0,0.0,0.0,0.0,0.0,0.0,0.0,0.0,29.3,36.1,43.6,0.0,0.0,0.0,0.0,0.0,0.0,0.0,131.5
33,Robby Anderson,CAR,WR,80.3,989.8,5.2,0.8,2.5,12.3,0.1,0.0,0.0,0.0,0.0,0.0,0.0,0.0,0.0,0.0,0.0,0.0,0.0,0.0,0.0,0.0,130.1
33,Jimmy Garoppolo,SF,QB,0.0,0.0,0.0,1.2,14.9,36.6,0.5,274.9,186.5,2175.7,13.2,7.1,0.0,0.0,0.0,0.0,0.0,0.0,0.0,0.0,0.0,0.0,129.9
34,JuJu Smith-Schuster,PIT,WR,90.0,907.2,6.8,0.9,0.0,0.0,0.0,0.0,0.0,0.0,0.0,0.0,0.0,0.0,0.0,0.0,0.0,0.0,0.0,0.0,0.0,0.0,129.5
32,Leonard Fournette,TB,RB,31.0,212.8,6.3,1.2,165.2,677.0,6.3,0.0,0.0,0.0,0.0,0.0,0.0,0.0,0.0,0.0,0.0,0.0,0.0,0.0,0.0,0.0,129.1
4,Rodrigo Blankenship,IND,K,0.0,0.0,0.0,0.0,0.0,0.0,0.0,0.0,0.0,0.0,0.0,0.0,29.0,35.0,41.1,0.0,0.0,0.0,0.0,0.0,0.0,0.0,128.0
35,Michael Gallup,DAL,WR,63.3,932.1,5.9,0.6,0.0,0.0,0.0,0.0,0.0,0.0,0.0,0.0,0.0,0.0,0.0,0.0,0.0,0.0,0.0,0.0,0.0,0.0,127.4
36,Jerry Jeudy,DEN,WR,68.2,975.0,5.2,0.8,0.0,0.0,0.0,0.0,0.0,0.0,0.0,0.0,0.0,0.0,0.0,0.0,0.0,0.0,0.0,0.0,0.0,0.0,127.0
5,Jason Myers,SEA,K,0.0,0.0,0.0,0.0,0.0,0.0,0.0,0.0,0.0,0.0,0.0,0.0,27.5,31.4,44.5,0.0,0.0,0.0,0.0,0.0,0.0,0.0,126.9
6,Jason Sanders,MIA,K,0.0,0.0,0.0,0.0,0.0,0.0,0.0,0.0,0.0,0.0,0.0,0.0,29.7,34.8,37.5,0.0,0.0,0.0,0.0,0.0,0.0,0.0,126.6
7,Younghoe Koo,ATL,K,0.0,0.0,0.0,0.0,0.0,0.0,0.0,0.0,0.0,0.0,0.0,0.0,30.0,34.1,35.5,0.0,0.0,0.0,0.0,0.0,0.0,0.0,125.6
37,Marquise Brown,BAL,WR,61.2,823.2,7.1,0.6,2.5,13.0,0.1,0.0,0.0,0.0,0.0,0.0,0.0,0.0,0.0,0.0,0.0,0.0,0.0,0.0,0.0,0.0,125.3
8,Mason Crosby,GB,K,0.0,0.0,0.0,0.0,0.0,0.0,0.0,0.0,0.0,0.0,0.0,0.0,24.7,27.4,51.0,0.0,0.0,0.0,0.0,0.0,0.0,0.0,125.2
9,Robbie Gould,SF,K,0.0,0.0,0.0,0.0,0.0,0.0,0.0,0.0,0.0,0.0,0.0,0.0,27.2,33.9,43.4,0.0,0.0,0.0,0.0,0.0,0.0,0.0,125.0
10,Ryan Succop,TB,K,0.0,0.0,0.0,0.0,0.0,0.0,0.0,0.0,0.0,0.0,0.0,0.0,26.4,31.4,45.7,0.0,0.0,0.0,0.0,0.0,0.0,0.0,124.9
38,Tyler Boyd,CIN,WR,83.3,925.7,5.3,0.8,2.1,15.6,0.0,0.0,0.0,0.0,0.0,0.0,0.0,0.0,0.0,0.0,0.0,0.0,0.0,0.0,0.0,0.0,124.4
33,Melvin Gordon III,DEN,RB,22.3,143.2,5.7,2.4,169.4,746.0,5.7,0.0,0.0,0.0,0.0,0.0,0.0,0.0,0.0,0.0,0.0,0.0,0.0,0.0,0.0,0.0,124.1
11,Wil Lutz,NO,K,0.0,0.0,0.0,0.0,0.0,0.0,0.0,0.0,0.0,0.0,0.0,0.0,26.5,32.1,44.0,0.0,0.0,0.0,0.0,0.0,0.0,0.0,123.6
12,Cody Parkey,CLE,K,0.0,0.0,0.0,0.0,0.0,0.0,0.0,0.0,0.0,0.0,0.0,0.0,26.9,31.9,42.3,0.0,0.0,0.0,0.0,0.0,0.0,0.0,123.0
13,Daniel Carlson,LV,K,0.0,0.0,0.0,0.0,0.0,0.0,0.0,0.0,0.0,0.0,0.0,0.0,27.9,34.0,38.8,0.0,0.0,0.0,0.0,0.0,0.0,0.0,122.5
34,Zack Moss,BUF,RB,24.5,176.7,5.7,1.2,157.4,672.9,5.7,0.0,0.0,0.0,0.0,0.0,0.0,0.0,0.0,0.0,0.0,0.0,0.0,0.0,0.0,0.0,122.4
14,Michael Badgley,LAC,K,0.0,0.0,0.0,0.0,0.0,0.0,0.0,0.0,0.0,0.0,0.0,0.0,27.3,35.3,40.2,0.0,0.0,0.0,0.0,0.0,0.0,0.0,122.1
39,Curtis Samuel,WAS,WR,63.3,745.9,4.9,0.7,24.7,129.1,1.1,0.0,0.0,0.0,0.0,0.0,0.0,0.0,0.0,0.0,0.0,0.0,0.0,0.0,0.0,0.0,121.8
40,Jarvis Landry,CLE,WR,74.3,899.6,5.1,0.8,2.0,10.1,0.3,0.0,0.0,0.0,0.0,0.0,0.0,0.0,0.0,0.0,0.0,0.0,0.0,0.0,0.0,0.0,121.7
35,Ronald Jones II,TB,RB,17.8,124.4,5.6,1.4,169.2,759.4,5.6,0.0,0.0,0.0,0.0,0.0,0.0,0.0,0.0,0.0,0.0,0.0,0.0,0.0,0.0,0.0,121.7
15,Graham Gano,NYG,K,0.0,0.0,0.0,0.0,0.0,0.0,0.0,0.0,0.0,0.0,0.0,0.0,29.7,32.8,32.6,0.0,0.0,0.0,0.0,0.0,0.0,0.0,121.7
16,Matt Gay,LAR,K,0.0,0.0,0.0,0.0,0.0,0.0,0.0,0.0,0.0,0.0,0.0,0.0,28.1,33.6,37.1,0.0,0.0,0.0,0.0,0.0,0.0,0.0,121.4
17,Matt Prater,ARI,K,0.0,0.0,0.0,0.0,0.0,0.0,0.0,0.0,0.0,0.0,0.0,0.0,26.4,31.6,42.2,0.0,0.0,0.0,0.0,0.0,0.0,0.0,121.3
18,Ka'imi Fairbairn,HOU,K,0.0,0.0,0.0,0.0,0.0,0.0,0.0,0.0,0.0,0.0,0.0,0.0,27.9,33.0,37.0,0.0,0.0,0.0,0.0,0.0,0.0,0.0,120.8
41,Laviska Shenault Jr.,JAC,WR,69.8,769.4,4.9,0.7,20.2,112.3,0.6,0.0,0.0,0.0,0.0,0.0,0.0,0.0,0.0,0.0,0.0,0.0,0.0,0.0,0.0,0.0,119.2
4,Kyle Pitts,ATL,TE,69.0,832.5,6.4,1.2,0.0,0.0,0.0,0.0,0.0,0.0,0.0,0.0,0.0,0.0,0.0,0.0,0.0,0.0,0.0,0.0,0.0,0.0,119.1
42,DeVante Parker,MIA,WR,67.1,858.6,5.7,0.7,0.0,0.0,0.0,0.0,0.0,0.0,0.0,0.0,0.0,0.0,0.0,0.0,0.0,0.0,0.0,0.0,0.0,0.0,118.9
43,DeVonta Smith,PHI,WR,63.5,910.1,4.9,1.2,1.0,6.2,0.0,0.0,0.0,0.0,0.0,0.0,0.0,0.0,0.0,0.0,0.0,0.0,0.0,0.0,0.0,0.0,118.6
20,Tucker McCann,TEN,K,0.0,0.0,0.0,0.0,0.0,0.0,0.0,0.0,0.0,0.0,0.0,0.0,23.9,28.6,46.8,0.0,0.0,0.0,0.0,0.0,0.0,0.0,118.4
19,Cairo Santos,CHI,K,0.0,0.0,0.0,0.0,0.0,0.0,0.0,0.0,0.0,0.0,0.0,0.0,27.3,33.1,36.5,0.0,0.0,0.0,0.0,0.0,0.0,0.0,118.4
21,Nick Folk,NE,K,0.0,0.0,0.0,0.0,0.0,0.0,0.0,0.0,0.0,0.0,0.0,0.0,27.3,31.4,36.3,0.0,0.0,0.0,0.0,0.0,0.0,0.0,118.2
22,Greg Joseph,MIN,K,0.0,0.0,0.0,0.0,0.0,0.0,0.0,0.0,0.0,0.0,0.0,0.0,24.7,29.9,43.7,0.0,0.0,0.0,0.0,0.0,0.0,0.0,117.9
44,Mike Williams,LAC,WR,53.5,879.0,5.2,0.6,0.3,0.5,0.0,0.0,0.0,0.0,0.0,0.0,0.0,0.0,0.0,0.0,0.0,0.0,0.0,0.0,0.0,0.0,117.8
0,Tampa Bay Buccaneers,Tampa Bay Buccaneers,DST,0.0,0.0,0.0,0.0,0.0,0.0,0.0,0.0,0.0,0.0,0.0,0.0,0.0,0.0,0.0,46.3,15.3,11.1,17.9,2.8,0.5,372.8,117.0
23,Brandon McManus,DEN,K,0.0,0.0,0.0,0.0,0.0,0.0,0.0,0.0,0.0,0.0,0.0,0.0,27.6,31.9,34.0,0.0,0.0,0.0,0.0,0.0,0.0,0.0,116.8
24,Evan McPherson,CIN,K,0.0,0.0,0.0,0.0,0.0,0.0,0.0,0.0,0.0,0.0,0.0,0.0,26.9,32.6,35.9,0.0,0.0,0.0,0.0,0.0,0.0,0.0,116.7
45,T.Y. Hilton,IND,WR,62.2,828.2,5.8,0.6,0.0,0.0,0.0,0.0,0.0,0.0,0.0,0.0,0.0,0.0,0.0,0.0,0.0,0.0,0.0,0.0,0.0,0.0,116.3
46,Will Fuller V,MIA,WR,66.8,850.8,5.3,0.6,0.0,0.0,0.0,0.0,0.0,0.0,0.0,0.0,0.0,0.0,0.0,0.0,0.0,0.0,0.0,0.0,0.0,0.0,115.7
1,Los Angeles Rams,Los Angeles Rams,DST,0.0,0.0,0.0,0.0,0.0,0.0,0.0,0.0,0.0,0.0,0.0,0.0,0.0,0.0,0.0,47.1,14.1,10.7,15.9,2.7,1.0,373.4,114.9
2,Pittsburgh Steelers,Pittsburgh Steelers,DST,0.0,0.0,0.0,0.0,0.0,0.0,0.0,0.0,0.0,0.0,0.0,0.0,0.0,0.0,0.0,46.1,15.0,10.1,15.3,2.7,1.0,371.3,114.8
36,Trey Sermon,SF,RB,19.5,159.0,5.2,1.8,141.1,641.2,5.2,0.0,0.0,0.0,0.0,0.0,0.0,0.0,0.0,0.0,0.0,0.0,0.0,0.0,0.0,0.0,113.9
25,Chris Boswell,PIT,K,0.0,0.0,0.0,0.0,0.0,0.0,0.0,0.0,0.0,0.0,0.0,0.0,25.5,29.1,37.2,0.0,0.0,0.0,0.0,0.0,0.0,0.0,113.8
26,Dustin Hopkins,WAS,K,0.0,0.0,0.0,0.0,0.0,0.0,0.0,0.0,0.0,0.0,0.0,0.0,26.1,32.1,34.4,0.0,0.0,0.0,0.0,0.0,0.0,0.0,112.7
34,Drew Lock,DEN,QB,0.0,0.0,0.0,2.4,28.2,111.6,1.0,263.3,155.6,1787.8,11.0,7.6,0.0,0.0,0.0,0.0,0.0,0.0,0.0,0.0,0.0,0.0,112.7
27,Joey Slye,CAR,K,0.0,0.0,0.0,0.0,0.0,0.0,0.0,0.0,0.0,0.0,0.0,0.0,26.7,33.4,32.6,0.0,0.0,0.0,0.0,0.0,0.0,0.0,112.6
3,Washington Football Team,Washington Football Team,DST,0.0,0.0,0.0,0.0,0.0,0.0,0.0,0.0,0.0,0.0,0.0,0.0,0.0,0.0,0.0,47.1,14.0,10.4,15.7,2.5,0.5,373.1,112.2
5,T.J. Hockenson,DET,TE,73.8,821.7,5.2,0.8,0.0,0.0,0.0,0.0,0.0,0.0,0.0,0.0,0.0,0.0,0.0,0.0,0.0,0.0,0.0,0.0,0.0,0.0,111.9
4,Indianapolis Colts,Indianapolis Colts,DST,0.0,0.0,0.0,0.0,0.0,0.0,0.0,0.0,0.0,0.0,0.0,0.0,0.0,0.0,0.0,43.0,14.0,10.6,16.9,3.0,1.0,388.3,111.8
37,Kenyan Drake,LV,RB,35.1,247.7,4.6,1.4,137.3,571.2,4.6,0.0,0.0,0.0,0.0,0.0,0.0,0.0,0.0,0.0,0.0,0.0,0.0,0.0,0.0,0.0,111.5
35,Tyrod Taylor,HOU,QB,0.0,0.0,0.0,1.1,26.8,124.8,1.0,243.8,149.8,1700.7,9.2,4.8,0.0,0.0,0.0,0.0,0.0,0.0,0.0,0.0,0.0,0.0,111.5
47,Corey Davis,NYJ,WR,68.1,885.5,4.1,0.8,0.0,0.0,0.0,0.0,0.0,0.0,0.0,0.0,0.0,0.0,0.0,0.0,0.0,0.0,0.0,0.0,0.0,0.0,111.4
38,James Conner,ARI,RB,21.8,151.9,5.4,1.4,140.6,622.9,5.4,0.0,0.0,0.0,0.0,0.0,0.0,0.0,0.0,0.0,0.0,0.0,0.0,0.0,0.0,0.0,111.4
28,Randy Bullock,DET,K,0.0,0.0,0.0,0.0,0.0,0.0,0.0,0.0,0.0,0.0,0.0,0.0,25.9,31.4,32.7,0.0,0.0,0.0,0.0,0.0,0.0,0.0,110.5
29,Josh Lambo,JAC,K,0.0,0.0,0.0,0.0,0.0,0.0,0.0,0.0,0.0,0.0,0.0,0.0,25.9,28.7,31.9,0.0,0.0,0.0,0.0,0.0,0.0,0.0,109.7
39,Gus Edwards,BAL,RB,10.3,88.0,4.7,1.3,149.9,728.8,4.7,0.0,0.0,0.0,0.0,0.0,0.0,0.0,0.0,0.0,0.0,0.0,0.0,0.0,0.0,0.0,108.7
40,Latavius Murray,NO,RB,26.2,188.0,4.1,1.2,142.6,606.5,4.1,0.0,0.0,0.0,0.0,0.0,0.0,0.0,0.0,0.0,0.0,0.0,0.0,0.0,0.0,0.0,107.9
5,Philadelphia Eagles,Philadelphia Eagles,DST,0.0,0.0,0.0,0.0,0.0,0.0,0.0,0.0,0.0,0.0,0.0,0.0,0.0,0.0,0.0,45.7,12.4,10.3,16.6,2.5,1.0,416.0,107.8
48,Marvin Jones Jr.,JAC,WR,60.4,768.3,5.4,0.6,0.3,0.0,0.0,0.0,0.0,0.0,0.0,0.0,0.0,0.0,0.0,0.0,0.0,0.0,0.0,0.0,0.0,0.0,107.8
49,Mecole Hardman,KC,WR,51.8,722.5,5.5,1.7,6.4,43.7,0.1,0.0,0.0,0.0,0.0,0.0,0.0,0.0,0.0,0.0,0.0,0.0,0.0,0.0,0.0,0.0,106.7
6,Arizona Cardinals,Arizona Cardinals,DST,0.0,0.0,0.0,0.0,0.0,0.0,0.0,0.0,0.0,0.0,0.0,0.0,0.0,0.0,0.0,46.5,11.7,10.5,17.0,2.1,1.0,394.4,105.5
7,New Orleans Saints,New Orleans Saints,DST,0.0,0.0,0.0,0.0,0.0,0.0,0.0,0.0,0.0,0.0,0.0,0.0,0.0,0.0,0.0,43.3,14.5,8.9,12.1,2.5,0.0,381.5,105.3
8,Dallas Cowboys,Dallas Cowboys,DST,0.0,0.0,0.0,0.0,0.0,0.0,0.0,0.0,0.0,0.0,0.0,0.0,0.0,0.0,0.0,39.3,13.1,11.9,19.5,2.6,0.0,407.1,105.0
9,Seattle Seahawks,Seattle Seahawks,DST,0.0,0.0,0.0,0.0,0.0,0.0,0.0,0.0,0.0,0.0,0.0,0.0,0.0,0.0,0.0,41.9,13.6,9.8,14.3,2.4,1.0,399.2,104.9
10,New England Patriots,New England Patriots,DST,0.0,0.0,0.0,0.0,0.0,0.0,0.0,0.0,0.0,0.0,0.0,0.0,0.0,0.0,0.0,39.6,15.5,8.8,12.7,2.6,0.5,355.9,104.8
11,San Francisco 49ers,San Francisco 49ers,DST,0.0,0.0,0.0,0.0,0.0,0.0,0.0,0.0,0.0,0.0,0.0,0.0,0.0,0.0,0.0,42.1,13.0,10.2,16.7,2.5,0.5,375.4,104.7
12,Baltimore Ravens,Baltimore Ravens,DST,0.0,0.0,0.0,0.0,0.0,0.0,0.0,0.0,0.0,0.0,0.0,0.0,0.0,0.0,0.0,36.4,12.6,11.2,18.0,3.1,1.0,359.8,104.5
13,Carolina Panthers,Carolina Panthers,DST,0.0,0.0,0.0,0.0,0.0,0.0,0.0,0.0,0.0,0.0,0.0,0.0,0.0,0.0,0.0,36.6,13.5,12.3,20.6,2.5,0.5,426.6,104.5
14,Green Bay Packers,Green Bay Packers,DST,0.0,0.0,0.0,0.0,0.0,0.0,0.0,0.0,0.0,0.0,0.0,0.0,0.0,0.0,0.0,41.9,14.5,8.8,14.1,2.5,0.5,388.0,104.4
41,Michael Carter,NYJ,RB,26.7,204.2,3.9,1.8,139.4,586.1,3.9,0.0,0.0,0.0,0.0,0.0,0.0,0.0,0.0,0.0,0.0,0.0,0.0,0.0,0.0,0.0,104.2
15,Miami Dolphins,Miami Dolphins,DST,0.0,0.0,0.0,0.0,0.0,0.0,0.0,0.0,0.0,0.0,0.0,0.0,0.0,0.0,0.0,38.9,14.9,8.8,15.4,2.7,1.0,407.0,104.1
16,Kansas City Chiefs,Kansas City Chiefs,DST,0.0,0.0,0.0,0.0,0.0,0.0,0.0,0.0,0.0,0.0,0.0,0.0,0.0,0.0,0.0,37.3,14.5,9.3,15.2,3.0,0.5,389.1,104.1
17,Cleveland Browns,Cleveland Browns,DST,0.0,0.0,0.0,0.0,0.0,0.0,0.0,0.0,0.0,0.0,0.0,0.0,0.0,0.0,0.0,38.9,14.0,10.0,15.2,2.5,1.0,392.9,104.0
30,Austin Seibert,CIN,K,0.0,0.0,0.0,0.0,0.0,0.0,0.0,0.0,0.0,0.0,0.0,0.0,25.3,33.9,27.9,0.0,0.0,0.0,0.0,0.0,0.0,0.0,103.9
50,Tyrell Williams,DET,WR,55.9,809.6,4.0,0.7,0.0,0.0,0.0,0.0,0.0,0.0,0.0,0.0,0.0,0.0,0.0,0.0,0.0,0.0,0.0,0.0,0.0,0.0,103.6
31,Sam Ficken,NYJ,K,0.0,0.0,0.0,0.0,0.0,0.0,0.0,0.0,0.0,0.0,0.0,0.0,25.0,31.0,28.6,0.0,0.0,0.0,0.0,0.0,0.0,0.0,103.4
18,Buffalo Bills,Buffalo Bills,DST,0.0,0.0,0.0,0.0,0.0,0.0,0.0,0.0,0.0,0.0,0.0,0.0,0.0,0.0,0.0,40.0,14.4,9.5,15.0,2.6,0.0,371.5,103.4
51,Antonio Brown,TB,WR,60.3,674.3,6.0,0.6,2.0,11.4,0.0,0.0,0.0,0.0,0.0,0.0,0.0,0.0,0.0,0.0,0.0,0.0,0.0,0.0,0.0,0.0,103.1
52,Henry Ruggs III,LV,WR,49.4,759.9,4.1,1.7,7.6,42.0,0.1,0.0,0.0,0.0,0.0,0.0,0.0,0.0,0.0,0.0,0.0,0.0,0.0,0.0,0.0,0.0,102.5
53,Cole Beasley,BUF,WR,66.1,763.7,4.5,0.6,0.0,0.0,0.0,0.0,0.0,0.0,0.0,0.0,0.0,0.0,0.0,0.0,0.0,0.0,0.0,0.0,0.0,0.0,102.3
42,Jamaal Williams,DET,RB,35.3,240.2,3.3,1.2,130.0,526.9,3.3,0.0,0.0,0.0,0.0,0.0,0.0,0.0,0.0,0.0,0.0,0.0,0.0,0.0,0.0,0.0,102.1
19,Denver Broncos,Denver Broncos,DST,0.0,0.0,0.0,0.0,0.0,0.0,0.0,0.0,0.0,0.0,0.0,0.0,0.0,0.0,0.0,41.6,12.9,9.1,13.9,2.5,0.5,401.0,101.3
54,Breshad Perriman,DET,WR,52.7,765.6,3.9,0.1,1.9,11.3,0.0,0.0,0.0,0.0,0.0,0.0,0.0,0.0,0.0,0.0,0.0,0.0,0.0,0.0,0.0,0.0,101.1
20,New York Giants,New York Giants,DST,0.0,0.0,0.0,0.0,0.0,0.0,0.0,0.0,0.0,0.0,0.0,0.0,0.0,0.0,0.0,39.5,13.0,9.9,16.7,2.4,0.5,414.4,101.0
32,Jake Elliott,PHI,K,0.0,0.0,0.0,0.0,0.0,0.0,0.0,0.0,0.0,0.0,0.0,0.0,22.4,27.4,33.6,0.0,0.0,0.0,0.0,0.0,0.0,0.0,100.9
43,AJ Dillon,GB,RB,14.5,110.1,4.4,1.4,140.4,633.9,4.4,0.0,0.0,0.0,0.0,0.0,0.0,0.0,0.0,0.0,0.0,0.0,0.0,0.0,0.0,0.0,100.9
55,Jaylen Waddle,MIA,WR,56.4,749.1,4.6,1.2,1.0,5.6,0.0,0.0,0.0,0.0,0.0,0.0,0.0,0.0,0.0,0.0,0.0,0.0,0.0,0.0,0.0,0.0,100.8
6,Dallas Goedert,PHI,TE,63.9,710.3,5.1,0.7,0.0,0.0,0.0,0.0,0.0,0.0,0.0,0.0,0.0,0.0,0.0,0.0,0.0,0.0,0.0,0.0,0.0,0.0,100.3
56,Michael Pittman Jr.,IND,WR,56.6,743.9,4.0,0.7,3.4,22.5,0.0,0.0,0.0,0.0,0.0,0.0,0.0,0.0,0.0,0.0,0.0,0.0,0.0,0.0,0.0,0.0,99.6
21,Los Angeles Chargers,Los Angeles Chargers,DST,0.0,0.0,0.0,0.0,0.0,0.0,0.0,0.0,0.0,0.0,0.0,0.0,0.0,0.0,0.0,37.5,13.4,8.5,12.5,2.7,0.5,396.6,98.3
22,Atlanta Falcons,Atlanta Falcons,DST,0.0,0.0,0.0,0.0,0.0,0.0,0.0,0.0,0.0,0.0,0.0,0.0,0.0,0.0,0.0,34.6,13.5,10.3,17.3,2.5,0.0,408.6,97.5
57,Jalen Reagor,PHI,WR,54.0,733.6,3.9,0.7,3.1,17.6,0.1,0.0,0.0,0.0,0.0,0.0,0.0,0.0,0.0,0.0,0.0,0.0,0.0,0.0,0.0,0.0,97.4
44,Devin Singletary,BUF,RB,30.5,215.4,3.0,1.3,121.0,534.0,3.0,0.0,0.0,0.0,0.0,0.0,0.0,0.0,0.0,0.0,0.0,0.0,0.0,0.0,0.0,0.0,97.3
7,Robert Tonyan,GB,TE,54.6,602.0,6.2,0.1,0.0,0.0,0.0,0.0,0.0,0.0,0.0,0.0,0.0,0.0,0.0,0.0,0.0,0.0,0.0,0.0,0.0,0.0,97.2
58,Darnell Mooney,CHI,WR,61.2,711.8,4.2,0.7,3.3,18.7,0.1,0.0,0.0,0.0,0.0,0.0,0.0,0.0,0.0,0.0,0.0,0.0,0.0,0.0,0.0,0.0,97.1
59,Emmanuel Sanders,BUF,WR,56.0,684.8,4.8,0.6,1.1,6.7,0.1,0.0,0.0,0.0,0.0,0.0,0.0,0.0,0.0,0.0,0.0,0.0,0.0,0.0,0.0,0.0,97.1
45,Tony Pollard,DAL,RB,29.8,219.4,3.2,1.2,111.2,497.4,3.2,0.0,0.0,0.0,0.0,0.0,0.0,0.0,0.0,0.0,0.0,0.0,0.0,0.0,0.0,0.0,96.2
23,Minnesota Vikings,Minnesota Vikings,DST,0.0,0.0,0.0,0.0,0.0,0.0,0.0,0.0,0.0,0.0,0.0,0.0,0.0,0.0,0.0,35.2,14.2,8.9,14.7,2.5,0.0,404.5,96.1
60,Russell Gage,ATL,WR,66.6,722.1,4.0,0.6,1.5,6.3,0.0,0.0,0.0,0.0,0.0,0.0,0.0,0.0,0.0,0.0,0.0,0.0,0.0,0.0,0.0,0.0,95.9
61,Nelson Agholor,NE,WR,49.8,708.9,4.3,0.7,0.3,1.3,0.0,0.0,0.0,0.0,0.0,0.0,0.0,0.0,0.0,0.0,0.0,0.0,0.0,0.0,0.0,0.0,95.6
36,Mac Jones,NE,QB,0.0,0.0,0.0,1.2,18.6,68.8,0.9,217.9,137.1,1541.3,9.1,6.2,0.0,0.0,0.0,0.0,0.0,0.0,0.0,0.0,0.0,0.0,95.4
8,Tyler Higbee,LAR,TE,58.8,654.4,5.2,0.6,0.0,0.0,0.0,0.0,0.0,0.0,0.0,0.0,0.0,0.0,0.0,0.0,0.0,0.0,0.0,0.0,0.0,0.0,95.2
24,Chicago Bears,Chicago Bears,DST,0.0,0.0,0.0,0.0,0.0,0.0,0.0,0.0,0.0,0.0,0.0,0.0,0.0,0.0,0.0,36.1,11.9,10.0,16.5,2.2,1.0,395.6,95.2
9,Noah Fant,DEN,TE,62.1,692.0,4.4,0.6,0.0,0.0,0.0,0.0,0.0,0.0,0.0,0.0,0.0,0.0,0.0,0.0,0.0,0.0,0.0,0.0,0.0,0.0,94.5
25,Tennessee Titans,Tennessee Titans,DST,0.0,0.0,0.0,0.0,0.0,0.0,0.0,0.0,0.0,0.0,0.0,0.0,0.0,0.0,0.0,32.8,14.2,8.8,14.5,2.4,0.0,423.0,93.5
10,Logan Thomas,WAS,TE,62.8,646.5,5.0,0.6,0.0,0.0,0.0,0.0,0.0,0.0,0.0,0.0,0.0,0.0,0.0,0.0,0.0,0.0,0.0,0.0,0.0,0.0,93.3
62,Gabriel Davis,BUF,WR,42.9,634.5,5.0,0.1,0.3,0.0,0.0,0.0,0.0,0.0,0.0,0.0,0.0,0.0,0.0,0.0,0.0,0.0,0.0,0.0,0.0,0.0,93.1
46,Tevin Coleman,NYJ,RB,19.0,143.3,3.8,1.2,140.1,548.3,3.8,0.0,0.0,0.0,0.0,0.0,0.0,0.0,0.0,0.0,0.0,0.0,0.0,0.0,0.0,0.0,92.8
11,Mike Gesicki,MIA,TE,55.3,621.8,5.3,0.7,0.0,0.0,0.0,0.0,0.0,0.0,0.0,0.0,0.0,0.0,0.0,0.0,0.0,0.0,0.0,0.0,0.0,0.0,92.5
63,Allen Lazard,GB,WR,47.9,661.9,4.1,0.6,1.3,9.7,0.0,0.0,0.0,0.0,0.0,0.0,0.0,0.0,0.0,0.0,0.0,0.0,0.0,0.0,0.0,0.0,90.4
26,New York Jets,New York Jets,DST,0.0,0.0,0.0,0.0,0.0,0.0,0.0,0.0,0.0,0.0,0.0,0.0,0.0,0.0,0.0,34.8,12.2,9.0,16.1,2.1,0.0,434.4,89.5
27,Las Vegas Raiders,Las Vegas Raiders,DST,0.0,0.0,0.0,0.0,0.0,0.0,0.0,0.0,0.0,0.0,0.0,0.0,0.0,0.0,0.0,31.7,12.9,8.9,13.8,2.3,0.0,452.1,89.3
28,Jacksonville Jaguars,Jacksonville Jaguars,DST,0.0,0.0,0.0,0.0,0.0,0.0,0.0,0.0,0.0,0.0,0.0,0.0,0.0,0.0,0.0,31.7,12.8,8.1,12.8,2.5,0.5,450.6,89.3
47,J.D. McKissic,WAS,RB,56.2,410.0,1.5,0.8,66.6,288.9,1.5,0.0,0.0,0.0,0.0,0.0,0.0,0.0,0.0,0.0,0.0,0.0,0.0,0.0,0.0,0.0,88.1
48,Nyheim Hines,IND,RB,50.0,373.5,2.1,1.2,62.1,267.1,2.1,0.0,0.0,0.0,0.0,0.0,0.0,0.0,0.0,0.0,0.0,0.0,0.0,0.0,0.0,0.0,87.9
12,Irv Smith Jr.,MIN,TE,51.8,569.4,5.4,0.7,0.0,0.0,0.0,0.0,0.0,0.0,0.0,0.0,0.0,0.0,0.0,0.0,0.0,0.0,0.0,0.0,0.0,0.0,87.9
37,Andy Dalton,CHI,QB,0.0,0.0,0.0,0.8,12.9,43.5,0.5,211.0,134.7,1450.1,8.5,5.0,0.0,0.0,0.0,0.0,0.0,0.0,0.0,0.0,0.0,0.0,87.8
13,Jared Cook,LAC,TE,45.9,577.2,5.1,0.6,0.0,0.0,0.0,0.0,0.0,0.0,0.0,0.0,0.0,0.0,0.0,0.0,0.0,0.0,0.0,0.0,0.0,0.0,87.3
14,Rob Gronkowski,TB,TE,42.1,549.8,5.3,0.2,0.0,0.0,0.0,0.0,0.0,0.0,0.0,0.0,0.0,0.0,0.0,0.0,0.0,0.0,0.0,0.0,0.0,0.0,86.3
64,John Brown,LV,WR,47.9,651.0,3.7,0.6,0.3,1.0,0.0,0.0,0.0,0.0,0.0,0.0,0.0,0.0,0.0,0.0,0.0,0.0,0.0,0.0,0.0,0.0,86.3
65,Sterling Shepard,NYG,WR,60.4,616.7,3.5,0.6,3.3,25.8,0.3,0.0,0.0,0.0,0.0,0.0,0.0,0.0,0.0,0.0,0.0,0.0,0.0,0.0,0.0,0.0,85.9
49,James White,NE,RB,52.3,423.7,1.8,1.2,52.4,214.8,1.8,0.0,0.0,0.0,0.0,0.0,0.0,0.0,0.0,0.0,0.0,0.0,0.0,0.0,0.0,0.0,85.8
66,Tre'Quan Smith,NO,WR,40.1,576.4,4.6,0.1,0.3,0.5,0.0,0.0,0.0,0.0,0.0,0.0,0.0,0.0,0.0,0.0,0.0,0.0,0.0,0.0,0.0,0.0,85.0
50,Tarik Cohen,CHI,RB,56.6,389.5,1.3,1.3,66.4,277.8,1.3,0.0,0.0,0.0,0.0,0.0,0.0,0.0,0.0,0.0,0.0,0.0,0.0,0.0,0.0,0.0,84.6
29,Detroit Lions,Detroit Lions,DST,0.0,0.0,0.0,0.0,0.0,0.0,0.0,0.0,0.0,0.0,0.0,0.0,0.0,0.0,0.0,32.4,10.8,8.6,14.7,2.0,0.5,472.6,84.3
67,Christian Kirk,ARI,WR,47.8,578.6,4.1,0.6,3.9,26.8,0.0,0.0,0.0,0.0,0.0,0.0,0.0,0.0,0.0,0.0,0.0,0.0,0.0,0.0,0.0,0.0,84.1
30,Houston Texans,Houston Texans,DST,0.0,0.0,0.0,0.0,0.0,0.0,0.0,0.0,0.0,0.0,0.0,0.0,0.0,0.0,0.0,33.8,10.6,8.6,13.8,1.9,0.0,474.9,83.8
68,A.J. Green,ARI,WR,50.4,616.2,3.9,0.7,0.0,0.0,0.0,0.0,0.0,0.0,0.0,0.0,0.0,0.0,0.0,0.0,0.0,0.0,0.0,0.0,0.0,0.0,83.5
31,Cincinnati Bengals,Cincinnati Bengals,DST,0.0,0.0,0.0,0.0,0.0,0.0,0.0,0.0,0.0,0.0,0.0,0.0,0.0,0.0,0.0,27.7,13.0,8.3,13.9,2.0,0.5,445.4,83.4
15,Eric Ebron,PIT,TE,58.0,574.2,4.6,0.7,0.0,0.0,0.0,0.0,0.0,0.0,0.0,0.0,0.0,0.0,0.0,0.0,0.0,0.0,0.0,0.0,0.0,0.0,83.4
51,Alexander Mattison,MIN,RB,16.5,134.2,2.6,0.7,112.8,507.6,2.6,0.0,0.0,0.0,0.0,0.0,0.0,0.0,0.0,0.0,0.0,0.0,0.0,0.0,0.0,0.0,82.6
69,Elijah Moore,NYJ,WR,51.6,624.5,3.4,0.4,0.7,4.2,0.0,0.0,0.0,0.0,0.0,0.0,0.0,0.0,0.0,0.0,0.0,0.0,0.0,0.0,0.0,0.0,82.4
70,Rashod Bateman,BAL,WR,43.1,569.2,4.4,0.6,0.8,4.8,0.0,0.0,0.0,0.0,0.0,0.0,0.0,0.0,0.0,0.0,0.0,0.0,0.0,0.0,0.0,0.0,82.3
16,Hunter Henry,NE,TE,53.7,583.9,4.2,0.6,0.0,0.0,0.0,0.0,0.0,0.0,0.0,0.0,0.0,0.0,0.0,0.0,0.0,0.0,0.0,0.0,0.0,0.0,82.3
71,Marquez Valdes-Scantling,GB,WR,33.0,568.5,3.9,0.6,2.5,14.8,0.0,0.0,0.0,0.0,0.0,0.0,0.0,0.0,0.0,0.0,0.0,0.0,0.0,0.0,0.0,0.0,81.0
72,Jamison Crowder,NYJ,WR,52.3,581.9,3.8,0.6,0.3,3.3,0.0,0.0,0.0,0.0,0.0,0.0,0.0,0.0,0.0,0.0,0.0,0.0,0.0,0.0,0.0,0.0,79.9
17,Jonnu Smith,NE,TE,53.5,561.6,4.1,0.7,0.0,0.0,0.0,0.0,0.0,0.0,0.0,0.0,0.0,0.0,0.0,0.0,0.0,0.0,0.0,0.0,0.0,0.0,79.6
18,Evan Engram,NYG,TE,57.9,587.5,3.7,0.7,0.0,0.0,0.0,0.0,0.0,0.0,0.0,0.0,0.0,0.0,0.0,0.0,0.0,0.0,0.0,0.0,0.0,0.0,79.6
73,Rondale Moore,ARI,WR,48.6,600.5,3.3,1.2,1.1,6.2,0.0,0.0,0.0,0.0,0.0,0.0,0.0,0.0,0.0,0.0,0.0,0.0,0.0,0.0,0.0,0.0,78.2
19,Blake Jarwin,DAL,TE,48.3,539.6,4.1,0.2,0.0,0.0,0.0,0.0,0.0,0.0,0.0,0.0,0.0,0.0,0.0,0.0,0.0,0.0,0.0,0.0,0.0,0.0,78.0
74,Randall Cobb,HOU,WR,49.0,604.9,2.9,0.7,0.5,1.3,0.0,0.0,0.0,0.0,0.0,0.0,0.0,0.0,0.0,0.0,0.0,0.0,0.0,0.0,0.0,0.0,76.7
75,Parris Campbell,IND,WR,43.6,527.3,3.4,0.4,4.9,30.7,0.2,0.0,0.0,0.0,0.0,0.0,0.0,0.0,0.0,0.0,0.0,0.0,0.0,0.0,0.0,0.0,76.6
76,DeSean Jackson,LAR,WR,34.3,544.4,3.5,0.6,2.8,17.1,0.1,0.0,0.0,0.0,0.0,0.0,0.0,0.0,0.0,0.0,0.0,0.0,0.0,0.0,0.0,0.0,76.5
77,Darius Slayton,NYG,WR,41.6,564.7,3.4,0.6,0.8,2.6,0.0,0.0,0.0,0.0,0.0,0.0,0.0,0.0,0.0,0.0,0.0,0.0,0.0,0.0,0.0,0.0,76.3
52,Rashaad Penny,SEA,RB,15.4,120.7,3.1,0.7,90.8,423.2,3.1,0.0,0.0,0.0,0.0,0.0,0.0,0.0,0.0,0.0,0.0,0.0,0.0,0.0,0.0,0.0,76.2
20,Austin Hooper,CLE,TE,49.8,499.6,4.5,0.6,0.0,0.0,0.0,0.0,0.0,0.0,0.0,0.0,0.0,0.0,0.0,0.0,0.0,0.0,0.0,0.0,0.0,0.0,75.6
78,Terrace Marshall Jr.,CAR,WR,44.7,582.6,3.2,1.1,0.5,2.8,0.0,0.0,0.0,0.0,0.0,0.0,0.0,0.0,0.0,0.0,0.0,0.0,0.0,0.0,0.0,0.0,75.5
53,Phillip Lindsay,HOU,RB,20.4,130.8,2.7,1.1,104.5,460.6,2.7,0.0,0.0,0.0,0.0,0.0,0.0,0.0,0.0,0.0,0.0,0.0,0.0,0.0,0.0,0.0,75.2
22,Adam Trautman,NO,TE,49.6,538.0,3.8,0.7,0.0,0.0,0.0,0.0,0.0,0.0,0.0,0.0,0.0,0.0,0.0,0.0,0.0,0.0,0.0,0.0,0.0,0.0,75.0
21,Anthony Firkser,TEN,TE,48.7,522.8,3.8,0.1,0.0,0.0,0.0,0.0,0.0,0.0,0.0,0.0,0.0,0.0,0.0,0.0,0.0,0.0,0.0,0.0,0.0,0.0,75.0
79,Jakobi Meyers,NE,WR,45.4,575.1,2.5,0.4,0.8,4.0,0.0,0.0,0.0,0.0,0.0,0.0,0.0,0.0,0.0,0.0,0.0,0.0,0.0,0.0,0.0,0.0,72.3
54,Darrel Williams,KC,RB,21.1,155.4,3.2,0.6,76.8,321.2,3.2,0.0,0.0,0.0,0.0,0.0,0.0,0.0,0.0,0.0,0.0,0.0,0.0,0.0,0.0,0.0,70.4
80,Hunter Renfrow,LV,WR,44.4,535.8,2.9,0.6,0.0,0.0,0.0,0.0,0.0,0.0,0.0,0.0,0.0,0.0,0.0,0.0,0.0,0.0,0.0,0.0,0.0,0.0,69.7
55,Sony Michel,NE,RB,7.4,65.4,2.8,0.6,96.5,429.2,2.8,0.0,0.0,0.0,0.0,0.0,0.0,0.0,0.0,0.0,0.0,0.0,0.0,0.0,0.0,0.0,67.1
81,Chris Conley,HOU,WR,35.9,506.4,2.8,0.2,0.0,0.0,0.0,0.0,0.0,0.0,0.0,0.0,0.0,0.0,0.0,0.0,0.0,0.0,0.0,0.0,0.0,0.0,67.0
82,Keelan Cole Sr.,NYJ,WR,37.5,477.6,3.0,0.2,0.3,1.3,0.0,0.0,0.0,0.0,0.0,0.0,0.0,0.0,0.0,0.0,0.0,0.0,0.0,0.0,0.0,0.0,65.4
23,Gerald Everett,SEA,TE,41.9,431.7,3.9,0.6,0.0,0.0,0.0,0.0,0.0,0.0,0.0,0.0,0.0,0.0,0.0,0.0,0.0,0.0,0.0,0.0,0.0,0.0,65.2
83,Josh Reynolds,TEN,WR,36.1,469.6,3.1,0.6,0.8,4.5,0.0,0.0,0.0,0.0,0.0,0.0,0.0,0.0,0.0,0.0,0.0,0.0,0.0,0.0,0.0,0.0,64.8
84,Denzel Mims,NYJ,WR,37.3,525.1,2.2,0.6,0.3,0.8,0.0,0.0,0.0,0.0,0.0,0.0,0.0,0.0,0.0,0.0,0.0,0.0,0.0,0.0,0.0,0.0,64.6
85,Van Jefferson,LAR,WR,37.9,455.1,3.2,0.6,1.4,5.8,0.0,0.0,0.0,0.0,0.0,0.0,0.0,0.0,0.0,0.0,0.0,0.0,0.0,0.0,0.0,0.0,64.3
24,Zach Ertz,PHI,TE,43.7,450.0,3.2,0.1,0.0,0.0,0.0,0.0,0.0,0.0,0.0,0.0,0.0,0.0,0.0,0.0,0.0,0.0,0.0,0.0,0.0,0.0,63.9
86,Amon-Ra St. Brown,DET,WR,39.7,507.2,2.3,0.6,0.5,2.3,0.0,0.0,0.0,0.0,0.0,0.0,0.0,0.0,0.0,0.0,0.0,0.0,0.0,0.0,0.0,0.0,63.7
56,Ty Johnson,NYJ,RB,19.9,137.8,2.2,0.3,76.2,329.6,2.2,0.0,0.0,0.0,0.0,0.0,0.0,0.0,0.0,0.0,0.0,0.0,0.0,0.0,0.0,0.0,63.1
57,Damien Williams,CHI,RB,19.6,140.7,2.7,0.6,66.9,280.3,2.7,0.0,0.0,0.0,0.0,0.0,0.0,0.0,0.0,0.0,0.0,0.0,0.0,0.0,0.0,0.0,63.0
87,Sammy Watkins,BAL,WR,34.8,429.7,3.4,0.6,0.8,7.5,0.0,0.0,0.0,0.0,0.0,0.0,0.0,0.0,0.0,0.0,0.0,0.0,0.0,0.0,0.0,0.0,62.8
88,Rashard Higgins,CLE,WR,29.8,448.4,3.0,0.6,0.0,0.0,0.0,0.0,0.0,0.0,0.0,0.0,0.0,0.0,0.0,0.0,0.0,0.0,0.0,0.0,0.0,0.0,61.4
89,James Washington,PIT,WR,32.4,442.3,2.8,0.6,0.0,0.0,0.0,0.0,0.0,0.0,0.0,0.0,0.0,0.0,0.0,0.0,0.0,0.0,0.0,0.0,0.0,0.0,60.2
58,Giovani Bernard,TB,RB,35.1,267.5,1.3,0.6,50.8,183.6,1.3,0.0,0.0,0.0,0.0,0.0,0.0,0.0,0.0,0.0,0.0,0.0,0.0,0.0,0.0,0.0,59.8
25,Cole Kmet,CHI,TE,43.2,431.1,3.1,1.2,0.0,0.0,0.0,0.0,0.0,0.0,0.0,0.0,0.0,0.0,0.0,0.0,0.0,0.0,0.0,0.0,0.0,0.0,59.7
90,Demarcus Robinson,KC,WR,34.5,411.2,3.2,0.6,0.0,0.0,0.0,0.0,0.0,0.0,0.0,0.0,0.0,0.0,0.0,0.0,0.0,0.0,0.0,0.0,0.0,0.0,59.0
91,D'Wayne Eskridge,SEA,WR,33.0,404.3,3.0,0.2,0.7,3.7,0.0,0.0,0.0,0.0,0.0,0.0,0.0,0.0,0.0,0.0,0.0,0.0,0.0,0.0,0.0,0.0,58.8
26,Dawson Knox,BUF,TE,33.4,385.3,3.5,0.6,0.0,0.0,0.0,0.0,0.0,0.0,0.0,0.0,0.0,0.0,0.0,0.0,0.0,0.0,0.0,0.0,0.0,0.0,58.4
27,Hayden Hurst,ATL,TE,38.5,404.6,2.9,0.1,0.0,0.0,0.0,0.0,0.0,0.0,0.0,0.0,0.0,0.0,0.0,0.0,0.0,0.0,0.0,0.0,0.0,0.0,58.0
92,Zach Pascal,IND,WR,28.0,385.3,3.1,0.0,0.3,2.0,0.0,0.0,0.0,0.0,0.0,0.0,0.0,0.0,0.0,0.0,0.0,0.0,0.0,0.0,0.0,0.0,57.4
59,Wayne Gallman,SF,RB,9.8,75.9,2.9,1.0,71.6,315.6,2.9,0.0,0.0,0.0,0.0,0.0,0.0,0.0,0.0,0.0,0.0,0.0,0.0,0.0,0.0,0.0,57.4
60,Justin Jackson,LAC,RB,15.8,112.6,1.6,0.6,77.6,350.4,1.6,0.0,0.0,0.0,0.0,0.0,0.0,0.0,0.0,0.0,0.0,0.0,0.0,0.0,0.0,0.0,57.2
29,Chris Herndon IV,NYJ,TE,41.1,414.1,3.2,1.7,0.0,0.0,0.0,0.0,0.0,0.0,0.0,0.0,0.0,0.0,0.0,0.0,0.0,0.0,0.0,0.0,0.0,0.0,57.1
28,Jordan Akins,HOU,TE,39.7,421.8,2.5,0.1,0.0,0.0,0.0,0.0,0.0,0.0,0.0,0.0,0.0,0.0,0.0,0.0,0.0,0.0,0.0,0.0,0.0,0.0,57.1
93,Anthony Miller,CHI,WR,35.6,409.3,2.4,0.3,2.9,15.9,0.1,0.0,0.0,0.0,0.0,0.0,0.0,0.0,0.0,0.0,0.0,0.0,0.0,0.0,0.0,0.0,57.0
94,Jalen Guyton,LAC,WR,27.4,420.6,2.3,0.1,2.0,7.9,0.1,0.0,0.0,0.0,0.0,0.0,0.0,0.0,0.0,0.0,0.0,0.0,0.0,0.0,0.0,0.0,56.7
61,Salvon Ahmed,MIA,RB,13.6,90.5,2.2,0.3,76.6,322.2,2.2,0.0,0.0,0.0,0.0,0.0,0.0,0.0,0.0,0.0,0.0,0.0,0.0,0.0,0.0,0.0,56.5
62,Malcolm Brown,MIA,RB,10.0,66.9,3.4,0.6,76.0,295.0,3.4,0.0,0.0,0.0,0.0,0.0,0.0,0.0,0.0,0.0,0.0,0.0,0.0,0.0,0.0,0.0,56.2
63,Joshua Kelley,LAC,RB,9.3,67.4,2.4,1.7,98.2,366.7,2.4,0.0,0.0,0.0,0.0,0.0,0.0,0.0,0.0,0.0,0.0,0.0,0.0,0.0,0.0,0.0,55.7
95,KJ Hamler,DEN,WR,30.2,361.9,2.4,0.6,10.1,50.3,0.2,0.0,0.0,0.0,0.0,0.0,0.0,0.0,0.0,0.0,0.0,0.0,0.0,0.0,0.0,0.0,55.5
96,Josh Palmer,LAC,WR,30.0,417.7,2.5,1.0,1.0,6.0,0.0,0.0,0.0,0.0,0.0,0.0,0.0,0.0,0.0,0.0,0.0,0.0,0.0,0.0,0.0,0.0,55.3
30,C.J. Uzomah,CIN,TE,36.7,357.7,3.2,0.1,0.0,0.0,0.0,0.0,0.0,0.0,0.0,0.0,0.0,0.0,0.0,0.0,0.0,0.0,0.0,0.0,0.0,0.0,55.0
31,Jack Doyle,IND,TE,34.5,354.9,3.2,0.2,0.0,0.0,0.0,0.0,0.0,0.0,0.0,0.0,0.0,0.0,0.0,0.0,0.0,0.0,0.0,0.0,0.0,0.0,54.6
64,Darrynton Evans,TEN,RB,16.8,138.6,1.9,0.7,54.2,234.9,1.9,0.0,0.0,0.0,0.0,0.0,0.0,0.0,0.0,0.0,0.0,0.0,0.0,0.0,0.0,0.0,53.6
97,Kendrick Bourne,NE,WR,31.6,401.4,2.3,0.1,0.0,0.0,0.0,0.0,0.0,0.0,0.0,0.0,0.0,0.0,0.0,0.0,0.0,0.0,0.0,0.0,0.0,0.0,53.4
65,Marlon Mack,IND,RB,9.2,65.8,2.6,0.6,72.9,310.5,2.6,0.0,0.0,0.0,0.0,0.0,0.0,0.0,0.0,0.0,0.0,0.0,0.0,0.0,0.0,0.0,53.0
98,Tim Patrick,DEN,WR,29.6,386.7,2.5,0.6,0.0,0.0,0.0,0.0,0.0,0.0,0.0,0.0,0.0,0.0,0.0,0.0,0.0,0.0,0.0,0.0,0.0,0.0,52.7
38,Davis Mills,HOU,QB,0.0,0.0,0.0,0.8,8.2,34.4,0.4,122.0,76.8,892.1,4.7,3.1,0.0,0.0,0.0,0.0,0.0,0.0,0.0,0.0,0.0,0.0,52.6
66,Cordarrelle Patterson,ATL,RB,15.1,134.1,1.6,0.2,55.1,252.2,1.6,0.0,0.0,0.0,0.0,0.0,0.0,0.0,0.0,0.0,0.0,0.0,0.0,0.0,0.0,0.0,52.0
67,Kenneth Gainwell,PHI,RB,14.1,112.8,1.9,1.1,61.8,280.9,1.9,0.0,0.0,0.0,0.0,0.0,0.0,0.0,0.0,0.0,0.0,0.0,0.0,0.0,0.0,0.0,51.6
99,Olamide Zaccheaus,ATL,WR,27.0,395.0,1.9,0.1,0.3,1.4,0.0,0.0,0.0,0.0,0.0,0.0,0.0,0.0,0.0,0.0,0.0,0.0,0.0,0.0,0.0,0.0,51.1
32,Mo Alie-Cox,IND,TE,33.2,363.0,2.7,0.6,0.0,0.0,0.0,0.0,0.0,0.0,0.0,0.0,0.0,0.0,0.0,0.0,0.0,0.0,0.0,0.0,0.0,0.0,51.0
100,Kadarius Toney,NYG,WR,30.0,358.8,2.0,0.3,4.4,28.2,0.1,0.0,0.0,0.0,0.0,0.0,0.0,0.0,0.0,0.0,0.0,0.0,0.0,0.0,0.0,0.0,50.5
33,Will Dissly,SEA,TE,30.3,317.9,3.0,0.1,0.0,0.0,0.0,0.0,0.0,0.0,0.0,0.0,0.0,0.0,0.0,0.0,0.0,0.0,0.0,0.0,0.0,0.0,49.5
34,Donald Parham Jr.,LAC,TE,28.0,340.6,2.5,0.1,0.0,0.0,0.0,0.0,0.0,0.0,0.0,0.0,0.0,0.0,0.0,0.0,0.0,0.0,0.0,0.0,0.0,0.0,48.9
101,Preston Williams,MIA,WR,24.5,315.9,2.9,0.6,0.0,0.0,0.0,0.0,0.0,0.0,0.0,0.0,0.0,0.0,0.0,0.0,0.0,0.0,0.0,0.0,0.0,0.0,48.0
102,Marquez Callaway,NO,WR,29.4,356.0,2.1,0.1,0.0,0.0,0.0,0.0,0.0,0.0,0.0,0.0,0.0,0.0,0.0,0.0,0.0,0.0,0.0,0.0,0.0,0.0,47.9
103,Nico Collins,HOU,WR,27.5,366.8,1.9,0.2,0.0,0.0,0.0,0.0,0.0,0.0,0.0,0.0,0.0,0.0,0.0,0.0,0.0,0.0,0.0,0.0,0.0,0.0,47.8
35,O.J. Howard,TB,TE,27.1,343.1,2.5,0.7,0.0,0.0,0.0,0.0,0.0,0.0,0.0,0.0,0.0,0.0,0.0,0.0,0.0,0.0,0.0,0.0,0.0,0.0,47.8
68,Devontae Booker,NYG,RB,10.8,71.8,1.7,0.7,72.3,305.0,1.7,0.0,0.0,0.0,0.0,0.0,0.0,0.0,0.0,0.0,0.0,0.0,0.0,0.0,0.0,0.0,47.6
69,Qadree Ollison,ATL,RB,9.0,72.0,2.4,0.7,67.3,257.9,2.4,0.0,0.0,0.0,0.0,0.0,0.0,0.0,0.0,0.0,0.0,0.0,0.0,0.0,0.0,0.0,47.3
70,Mark Ingram II,HOU,RB,10.7,89.7,1.8,0.6,58.7,241.8,1.8,0.0,0.0,0.0,0.0,0.0,0.0,0.0,0.0,0.0,0.0,0.0,0.0,0.0,0.0,0.0,47.1
36,Dan Arnold,CAR,TE,27.7,346.2,2.3,0.7,0.0,0.0,0.0,0.0,0.0,0.0,0.0,0.0,0.0,0.0,0.0,0.0,0.0,0.0,0.0,0.0,0.0,0.0,47.0
71,Chuba Hubbard,CAR,RB,10.7,86.8,2.0,1.1,61.9,261.5,2.0,0.0,0.0,0.0,0.0,0.0,0.0,0.0,0.0,0.0,0.0,0.0,0.0,0.0,0.0,0.0,46.9
72,Rhamondre Stevenson,NE,RB,9.6,72.3,2.1,1.1,59.9,261.1,2.1,0.0,0.0,0.0,0.0,0.0,0.0,0.0,0.0,0.0,0.0,0.0,0.0,0.0,0.0,0.0,46.0
73,Rex Burkhead,HOU,RB,16.7,158.2,1.4,0.6,35.7,150.7,1.4,0.0,0.0,0.0,0.0,0.0,0.0,0.0,0.0,0.0,0.0,0.0,0.0,0.0,0.0,0.0,45.7
104,Amari Rodgers,GB,WR,26.4,323.4,1.9,0.2,2.7,16.3,0.1,0.0,0.0,0.0,0.0,0.0,0.0,0.0,0.0,0.0,0.0,0.0,0.0,0.0,0.0,0.0,45.6
105,Mohamed Sanu,SF,WR,32.8,338.9,2.0,0.5,1.3,5.7,0.0,0.0,0.0,0.0,0.0,0.0,0.0,0.0,0.0,0.0,0.0,0.0,0.0,0.0,0.0,0.0,45.5
106,Tyron Johnson,LAC,WR,19.9,312.1,2.1,0.1,2.3,13.1,0.0,0.0,0.0,0.0,0.0,0.0,0.0,0.0,0.0,0.0,0.0,0.0,0.0,0.0,0.0,0.0,45.3
74,Trayveon Williams,CIN,RB,15.9,125.2,1.5,1.6,54.7,234.7,1.5,0.0,0.0,0.0,0.0,0.0,0.0,0.0,0.0,0.0,0.0,0.0,0.0,0.0,0.0,0.0,45.1
107,Bryan Edwards,LV,WR,24.0,337.3,1.9,0.1,0.0,0.0,0.0,0.0,0.0,0.0,0.0,0.0,0.0,0.0,0.0,0.0,0.0,0.0,0.0,0.0,0.0,0.0,45.0
37,Tyler Conklin,MIN,TE,29.4,308.5,2.4,0.1,0.0,0.0,0.0,0.0,0.0,0.0,0.0,0.0,0.0,0.0,0.0,0.0,0.0,0.0,0.0,0.0,0.0,0.0,44.9
108,Deonte Harris,NO,WR,25.9,291.6,1.5,0.3,8.4,54.2,0.2,0.0,0.0,0.0,0.0,0.0,0.0,0.0,0.0,0.0,0.0,0.0,0.0,0.0,0.0,0.0,44.2
109,Adam Humphries,WAS,WR,31.5,343.5,1.6,0.1,0.0,0.0,0.0,0.0,0.0,0.0,0.0,0.0,0.0,0.0,0.0,0.0,0.0,0.0,0.0,0.0,0.0,0.0,43.9
75,Kyle Juszczyk,SF,RB,21.9,230.9,0.7,0.7,13.9,52.8,0.7,0.0,0.0,0.0,0.0,0.0,0.0,0.0,0.0,0.0,0.0,0.0,0.0,0.0,0.0,0.0,43.1
76,DeeJay Dallas,SEA,RB,14.5,107.1,1.6,0.6,46.7,186.3,1.6,0.0,0.0,0.0,0.0,0.0,0.0,0.0,0.0,0.0,0.0,0.0,0.0,0.0,0.0,0.0,41.9
38,David Njoku,CLE,TE,24.3,260.9,2.6,0.0,0.0,0.0,0.0,0.0,0.0,0.0,0.0,0.0,0.0,0.0,0.0,0.0,0.0,0.0,0.0,0.0,0.0,0.0,41.8
77,Boston Scott,PHI,RB,18.1,144.1,1.4,0.6,40.0,168.6,1.4,0.0,0.0,0.0,0.0,0.0,0.0,0.0,0.0,0.0,0.0,0.0,0.0,0.0,0.0,0.0,41.0
110,Keke Coutee,HOU,WR,27.6,324.4,1.7,2.1,0.7,3.7,0.3,0.0,0.0,0.0,0.0,0.0,0.0,0.0,0.0,0.0,0.0,0.0,0.0,0.0,0.0,0.0,40.9
39,Jimmy Graham,CHI,TE,23.8,249.1,2.7,0.1,0.0,0.0,0.0,0.0,0.0,0.0,0.0,0.0,0.0,0.0,0.0,0.0,0.0,0.0,0.0,0.0,0.0,0.0,40.8
111,Byron Pringle,KC,WR,22.7,290.9,2.0,0.2,0.0,0.0,0.0,0.0,0.0,0.0,0.0,0.0,0.0,0.0,0.0,0.0,0.0,0.0,0.0,0.0,0.0,0.0,40.7
112,Quintez Cephus,DET,WR,23.8,316.3,1.5,0.2,0.0,0.0,0.0,0.0,0.0,0.0,0.0,0.0,0.0,0.0,0.0,0.0,0.0,0.0,0.0,0.0,0.0,0.0,40.2
113,Richie James Jr.,SF,WR,23.1,356.4,1.4,2.1,0.8,0.0,0.0,0.0,0.0,0.0,0.0,0.0,0.0,0.0,0.0,0.0,0.0,0.0,0.0,0.0,0.0,0.0,40.0
114,Travis Fulgham,PHI,WR,22.7,296.2,1.6,0.1,0.0,0.0,0.0,0.0,0.0,0.0,0.0,0.0,0.0,0.0,0.0,0.0,0.0,0.0,0.0,0.0,0.0,0.0,39.2
40,Jacob Hollister,BUF,TE,29.1,264.3,2.3,0.6,0.0,0.0,0.0,0.0,0.0,0.0,0.0,0.0,0.0,0.0,0.0,0.0,0.0,0.0,0.0,0.0,0.0,0.0,39.2
41,Dalton Schultz,DAL,TE,26.7,277.6,2.1,0.6,0.0,0.0,0.0,0.0,0.0,0.0,0.0,0.0,0.0,0.0,0.0,0.0,0.0,0.0,0.0,0.0,0.0,0.0,39.1
78,Mike Boone,DEN,RB,6.6,44.5,1.8,0.6,50.4,238.7,1.8,0.0,0.0,0.0,0.0,0.0,0.0,0.0,0.0,0.0,0.0,0.0,0.0,0.0,0.0,0.0,39.1
79,Benny Snell Jr.,PIT,RB,7.0,48.3,1.8,0.7,62.5,232.0,1.8,0.0,0.0,0.0,0.0,0.0,0.0,0.0,0.0,0.0,0.0,0.0,0.0,0.0,0.0,0.0,38.6
80,Xavier Jones,LAR,RB,8.3,66.0,1.6,0.5,47.2,196.2,1.6,0.0,0.0,0.0,0.0,0.0,0.0,0.0,0.0,0.0,0.0,0.0,0.0,0.0,0.0,0.0,37.3
39,Kyle Allen,WAS,QB,0.0,0.0,0.0,0.0,7.0,26.0,0.0,87.0,54.0,628.0,4.0,3.5,0.0,0.0,0.0,0.0,0.0,0.0,0.0,0.0,0.0,0.0,36.7
115,Scotty Miller,TB,WR,17.0,245.3,1.8,0.1,1.4,7.7,0.1,0.0,0.0,0.0,0.0,0.0,0.0,0.0,0.0,0.0,0.0,0.0,0.0,0.0,0.0,0.0,36.5
81,Samaje Perine,CIN,RB,9.1,61.7,1.4,0.1,48.9,207.0,1.4,0.0,0.0,0.0,0.0,0.0,0.0,0.0,0.0,0.0,0.0,0.0,0.0,0.0,0.0,0.0,36.4
116,Dyami Brown,WAS,WR,19.7,273.6,1.5,0.1,0.0,0.0,0.0,0.0,0.0,0.0,0.0,0.0,0.0,0.0,0.0,0.0,0.0,0.0,0.0,0.0,0.0,0.0,36.2
117,Geronimo Allison,DET,WR,25.3,276.2,1.4,0.1,0.0,0.0,0.0,0.0,0.0,0.0,0.0,0.0,0.0,0.0,0.0,0.0,0.0,0.0,0.0,0.0,0.0,0.0,36.0
118,Isaiah McKenzie,BUF,WR,18.9,201.5,1.9,0.1,5.7,28.4,0.2,0.0,0.0,0.0,0.0,0.0,0.0,0.0,0.0,0.0,0.0,0.0,0.0,0.0,0.0,0.0,35.5
119,Tutu Atwell,LAR,WR,21.2,275.7,1.4,0.2,0.0,0.0,0.0,0.0,0.0,0.0,0.0,0.0,0.0,0.0,0.0,0.0,0.0,0.0,0.0,0.0,0.0,0.0,35.3
82,Peyton Barber,WAS,RB,5.0,32.9,2.1,0.6,55.9,198.2,2.1,0.0,0.0,0.0,0.0,0.0,0.0,0.0,0.0,0.0,0.0,0.0,0.0,0.0,0.0,0.0,35.2
42,Maxx Williams,ARI,TE,21.1,235.2,2.0,0.1,0.0,0.0,0.0,0.0,0.0,0.0,0.0,0.0,0.0,0.0,0.0,0.0,0.0,0.0,0.0,0.0,0.0,0.0,35.1
83,Jeff Wilson Jr.,SF,RB,2.5,27.0,2.1,1.0,41.7,182.3,2.1,0.0,0.0,0.0,0.0,0.0,0.0,0.0,0.0,0.0,0.0,0.0,0.0,0.0,0.0,0.0,34.8
43,Nick Boyle,BAL,TE,23.3,218.9,2.1,0.0,0.0,0.0,0.0,0.0,0.0,0.0,0.0,0.0,0.0,0.0,0.0,0.0,0.0,0.0,0.0,0.0,0.0,0.0,34.7
120,Isaiah Coulter,HOU,WR,17.3,271.5,1.5,1.0,1.0,4.0,0.0,0.0,0.0,0.0,0.0,0.0,0.0,0.0,0.0,0.0,0.0,0.0,0.0,0.0,0.0,0.0,34.5
121,Auden Tate,CIN,WR,20.5,260.0,1.4,0.1,0.0,0.0,0.0,0.0,0.0,0.0,0.0,0.0,0.0,0.0,0.0,0.0,0.0,0.0,0.0,0.0,0.0,0.0,34.3
84,Brandon Bolden,NE,RB,4.9,50.0,2.3,0.0,19.9,100.6,2.3,0.0,0.0,0.0,0.0,0.0,0.0,0.0,0.0,0.0,0.0,0.0,0.0,0.0,0.0,0.0,32.5
85,Carlos Hyde,JAC,RB,6.3,36.7,1.4,0.6,52.5,212.8,1.4,0.0,0.0,0.0,0.0,0.0,0.0,0.0,0.0,0.0,0.0,0.0,0.0,0.0,0.0,0.0,32.4
86,Brian Hill,TEN,RB,4.8,35.2,1.0,0.6,45.6,234.5,1.0,0.0,0.0,0.0,0.0,0.0,0.0,0.0,0.0,0.0,0.0,0.0,0.0,0.0,0.0,0.0,32.3
44,Geoff Swaim,TEN,TE,23.2,216.1,1.8,0.1,0.0,0.0,0.0,0.0,0.0,0.0,0.0,0.0,0.0,0.0,0.0,0.0,0.0,0.0,0.0,0.0,0.0,0.0,32.2
87,Matt Breida,BUF,RB,9.6,76.9,0.9,1.1,42.5,184.5,0.9,0.0,0.0,0.0,0.0,0.0,0.0,0.0,0.0,0.0,0.0,0.0,0.0,0.0,0.0,0.0,32.0
45,Kyle Rudolph,NYG,TE,22.9,212.5,1.8,0.1,0.0,0.0,0.0,0.0,0.0,0.0,0.0,0.0,0.0,0.0,0.0,0.0,0.0,0.0,0.0,0.0,0.0,0.0,31.8
88,Javian Hawkins,ATL,RB,4.6,35.4,1.5,0.2,46.0,189.5,1.5,0.0,0.0,0.0,0.0,0.0,0.0,0.0,0.0,0.0,0.0,0.0,0.0,0.0,0.0,0.0,31.6
46,Drew Sample,CIN,TE,24.5,231.8,1.4,0.6,0.0,0.0,0.0,0.0,0.0,0.0,0.0,0.0,0.0,0.0,0.0,0.0,0.0,0.0,0.0,0.0,0.0,0.0,30.5
47,James O'Shaughnessy,JAC,TE,24.2,238.8,1.0,0.1,0.0,0.0,0.0,0.0,0.0,0.0,0.0,0.0,0.0,0.0,0.0,0.0,0.0,0.0,0.0,0.0,0.0,0.0,29.9
122,N'Keal Harry,NE,WR,16.9,204.4,1.5,0.1,0.9,5.6,0.0,0.0,0.0,0.0,0.0,0.0,0.0,0.0,0.0,0.0,0.0,0.0,0.0,0.0,0.0,0.0,29.8
48,Harrison Bryant,CLE,TE,19.4,207.7,1.9,1.1,0.0,0.0,0.0,0.0,0.0,0.0,0.0,0.0,0.0,0.0,0.0,0.0,0.0,0.0,0.0,0.0,0.0,0.0,29.8
40,Jacob Eason,IND,QB,0.0,0.0,0.0,0.5,7.2,31.0,0.4,62.6,39.3,436.0,2.8,1.8,0.0,0.0,0.0,0.0,0.0,0.0,0.0,0.0,0.0,0.0,29.7
89,Johnny Stanton,CLE,RB,9.0,71.0,1.0,0.0,20.0,100.0,1.0,0.0,0.0,0.0,0.0,0.0,0.0,0.0,0.0,0.0,0.0,0.0,0.0,0.0,0.0,0.0,29.1
123,Greg Ward,PHI,WR,22.1,220.1,1.2,0.2,0.0,0.0,0.0,0.0,0.0,0.0,0.0,0.0,0.0,0.0,0.0,0.0,0.0,0.0,0.0,0.0,0.0,0.0,28.9
49,Cameron Brate,TB,TE,20.5,192.5,1.6,0.0,0.0,0.0,0.0,0.0,0.0,0.0,0.0,0.0,0.0,0.0,0.0,0.0,0.0,0.0,0.0,0.0,0.0,0.0,28.7
50,Darren Fells,DET,TE,18.2,188.5,1.6,0.0,0.0,0.0,0.0,0.0,0.0,0.0,0.0,0.0,0.0,0.0,0.0,0.0,0.0,0.0,0.0,0.0,0.0,0.0,28.3
51,Foster Moreau,LV,TE,13.9,152.1,2.1,0.1,0.0,0.0,0.0,0.0,0.0,0.0,0.0,0.0,0.0,0.0,0.0,0.0,0.0,0.0,0.0,0.0,0.0,0.0,28.0
124,Devin Duvernay,BAL,WR,17.3,190.6,1.3,0.1,1.7,11.7,0.0,0.0,0.0,0.0,0.0,0.0,0.0,0.0,0.0,0.0,0.0,0.0,0.0,0.0,0.0,0.0,27.8
125,Dez Fitzpatrick,TEN,WR,15.4,200.3,1.0,0.1,0.0,0.0,0.0,0.0,0.0,0.0,0.0,0.0,0.0,0.0,0.0,0.0,0.0,0.0,0.0,0.0,0.0,0.0,25.9
52,Albert Okwuegbunam,DEN,TE,16.6,174.2,1.4,0.1,0.0,0.0,0.0,0.0,0.0,0.0,0.0,0.0,0.0,0.0,0.0,0.0,0.0,0.0,0.0,0.0,0.0,0.0,25.6
53,Adam Shaheen,MIA,TE,16.6,164.6,1.9,1.0,0.0,0.0,0.0,0.0,0.0,0.0,0.0,0.0,0.0,0.0,0.0,0.0,0.0,0.0,0.0,0.0,0.0,0.0,25.6
90,Larry Rountree III,LAC,RB,4.6,34.9,1.3,0.1,32.8,137.7,1.3,0.0,0.0,0.0,0.0,0.0,0.0,0.0,0.0,0.0,0.0,0.0,0.0,0.0,0.0,0.0,25.5
91,Jalen Richard,LV,RB,17.2,134.0,0.2,0.1,17.3,75.5,0.2,0.0,0.0,0.0,0.0,0.0,0.0,0.0,0.0,0.0,0.0,0.0,0.0,0.0,0.0,0.0,25.5
126,Andre Roberts,HOU,WR,15.0,195.0,1.0,0.0,0.0,0.0,0.0,0.0,0.0,0.0,0.0,0.0,0.0,0.0,0.0,0.0,0.0,0.0,0.0,0.0,0.0,0.0,25.5
54,Ryan Izzo,HOU,TE,12.4,209.9,1.0,1.0,0.0,0.0,0.0,0.0,0.0,0.0,0.0,0.0,0.0,0.0,0.0,0.0,0.0,0.0,0.0,0.0,0.0,0.0,25.0
55,Pat Freiermuth,PIT,TE,19.9,179.7,1.3,0.5,0.0,0.0,0.0,0.0,0.0,0.0,0.0,0.0,0.0,0.0,0.0,0.0,0.0,0.0,0.0,0.0,0.0,0.0,24.9
92,Jermar Jefferson,DET,RB,9.4,69.9,0.9,0.1,29.9,122.3,0.9,0.0,0.0,0.0,0.0,0.0,0.0,0.0,0.0,0.0,0.0,0.0,0.0,0.0,0.0,0.0,24.7
93,La'Mical Perine,NYJ,RB,4.3,31.4,1.0,0.2,34.5,145.5,1.0,0.0,0.0,0.0,0.0,0.0,0.0,0.0,0.0,0.0,0.0,0.0,0.0,0.0,0.0,0.0,24.3
127,Donte Moncrief,HOU,WR,13.7,173.5,1.1,0.0,0.0,0.0,0.0,0.0,0.0,0.0,0.0,0.0,0.0,0.0,0.0,0.0,0.0,0.0,0.0,0.0,0.0,0.0,24.2
56,Hunter Long,MIA,TE,19.1,176.3,1.3,0.5,0.0,0.0,0.0,0.0,0.0,0.0,0.0,0.0,0.0,0.0,0.0,0.0,0.0,0.0,0.0,0.0,0.0,0.0,24.1
94,Raymond Calais,LAR,RB,5.7,44.2,1.1,0.1,26.5,111.8,1.1,0.0,0.0,0.0,0.0,0.0,0.0,0.0,0.0,0.0,0.0,0.0,0.0,0.0,0.0,0.0,23.6
57,Ian Thomas,CAR,TE,18.0,159.2,1.3,0.0,0.0,0.0,0.0,0.0,0.0,0.0,0.0,0.0,0.0,0.0,0.0,0.0,0.0,0.0,0.0,0.0,0.0,0.0,23.5
95,Elijah Mitchell,SF,RB,5.8,52.4,0.8,0.1,26.9,124.7,0.8,0.0,0.0,0.0,0.0,0.0,0.0,0.0,0.0,0.0,0.0,0.0,0.0,0.0,0.0,0.0,23.5
58,Marcedes Lewis,GB,TE,13.0,140.5,1.6,0.0,0.0,0.0,0.0,0.0,0.0,0.0,0.0,0.0,0.0,0.0,0.0,0.0,0.0,0.0,0.0,0.0,0.0,0.0,23.3
128,Collin Johnson,JAC,WR,15.6,190.4,0.7,0.1,0.0,0.0,0.0,0.0,0.0,0.0,0.0,0.0,0.0,0.0,0.0,0.0,0.0,0.0,0.0,0.0,0.0,0.0,23.2
129,David Moore,CAR,WR,11.6,160.8,1.0,0.1,1.2,7.8,0.0,0.0,0.0,0.0,0.0,0.0,0.0,0.0,0.0,0.0,0.0,0.0,0.0,0.0,0.0,0.0,22.7
59,Kahale Warring,HOU,TE,15.9,163.7,1.0,0.1,0.0,0.0,0.0,0.0,0.0,0.0,0.0,0.0,0.0,0.0,0.0,0.0,0.0,0.0,0.0,0.0,0.0,0.0,22.5
60,Ryan Griffin,NYJ,TE,14.2,138.0,1.4,0.0,0.0,0.0,0.0,0.0,0.0,0.0,0.0,0.0,0.0,0.0,0.0,0.0,0.0,0.0,0.0,0.0,0.0,0.0,22.0
130,Willie Snead IV,LV,WR,14.5,167.3,0.9,0.1,0.0,0.0,0.0,0.0,0.0,0.0,0.0,0.0,0.0,0.0,0.0,0.0,0.0,0.0,0.0,0.0,0.0,0.0,21.9
131,Freddie Swain,SEA,WR,12.4,155.9,1.0,0.1,0.0,0.0,0.0,0.0,0.0,0.0,0.0,0.0,0.0,0.0,0.0,0.0,0.0,0.0,0.0,0.0,0.0,0.0,21.6
132,Phillip Dorsett II,JAC,WR,12.8,155.6,1.0,0.0,0.0,0.0,0.0,0.0,0.0,0.0,0.0,0.0,0.0,0.0,0.0,0.0,0.0,0.0,0.0,0.0,0.0,0.0,21.2
133,Olabisi Johnson,MIN,WR,12.9,153.8,1.0,0.0,0.0,0.0,0.0,0.0,0.0,0.0,0.0,0.0,0.0,0.0,0.0,0.0,0.0,0.0,0.0,0.0,0.0,0.0,21.1
61,Jacob Harris,LAR,TE,12.6,156.8,0.9,0.0,0.0,0.0,0.0,0.0,0.0,0.0,0.0,0.0,0.0,0.0,0.0,0.0,0.0,0.0,0.0,0.0,0.0,0.0,21.1
62,Chris Manhertz,JAC,TE,15.5,153.2,1.0,0.0,0.0,0.0,0.0,0.0,0.0,0.0,0.0,0.0,0.0,0.0,0.0,0.0,0.0,0.0,0.0,0.0,0.0,0.0,21.0
63,Pharaoh Brown,HOU,TE,13.4,143.5,1.1,0.0,0.0,0.0,0.0,0.0,0.0,0.0,0.0,0.0,0.0,0.0,0.0,0.0,0.0,0.0,0.0,0.0,0.0,0.0,20.8
64,Noah Gray,KC,TE,14.4,148.2,1.2,0.5,0.0,0.0,0.0,0.0,0.0,0.0,0.0,0.0,0.0,0.0,0.0,0.0,0.0,0.0,0.0,0.0,0.0,0.0,20.7
96,Jaylen Samuels,PIT,RB,7.9,52.6,0.6,0.1,24.1,101.1,0.6,0.0,0.0,0.0,0.0,0.0,0.0,0.0,0.0,0.0,0.0,0.0,0.0,0.0,0.0,0.0,20.6
65,Matt Sokol,LAC,TE,13.0,141.0,1.0,0.0,0.0,0.0,0.0,0.0,0.0,0.0,0.0,0.0,0.0,0.0,0.0,0.0,0.0,0.0,0.0,0.0,0.0,0.0,20.1
66,Reggie Gilliam,BUF,TE,11.0,78.0,2.0,0.0,0.0,0.0,0.0,0.0,0.0,0.0,0.0,0.0,0.0,0.0,0.0,0.0,0.0,0.0,0.0,0.0,0.0,0.0,19.8
134,Chad Beebe,MIN,WR,11.5,141.3,0.9,0.1,0.0,0.0,0.0,0.0,0.0,0.0,0.0,0.0,0.0,0.0,0.0,0.0,0.0,0.0,0.0,0.0,0.0,0.0,19.5
97,Tony Brooks-James,ATL,RB,0.9,6.3,0.8,0.0,33.0,139.4,0.8,0.0,0.0,0.0,0.0,0.0,0.0,0.0,0.0,0.0,0.0,0.0,0.0,0.0,0.0,0.0,19.5
67,Tyler Kroft,NYJ,TE,11.0,111.3,1.4,0.0,0.0,0.0,0.0,0.0,0.0,0.0,0.0,0.0,0.0,0.0,0.0,0.0,0.0,0.0,0.0,0.0,0.0,0.0,19.4
68,Darrell Daniels,ARI,TE,12.7,135.1,1.0,0.1,0.0,0.0,0.0,0.0,0.0,0.0,0.0,0.0,0.0,0.0,0.0,0.0,0.0,0.0,0.0,0.0,0.0,0.0,19.3
98,Anthony McFarland Jr.,PIT,RB,5.7,45.3,0.5,0.6,30.0,115.0,0.5,0.0,0.0,0.0,0.0,0.0,0.0,0.0,0.0,0.0,0.0,0.0,0.0,0.0,0.0,0.0,18.6
135,Miles Boykin,BAL,WR,9.9,133.0,0.8,0.1,0.8,4.9,0.0,0.0,0.0,0.0,0.0,0.0,0.0,0.0,0.0,0.0,0.0,0.0,0.0,0.0,0.0,0.0,18.6
136,Lynn Bowden Jr.,MIA,WR,11.6,106.9,0.3,0.1,10.2,49.2,0.2,0.0,0.0,0.0,0.0,0.0,0.0,0.0,0.0,0.0,0.0,0.0,0.0,0.0,0.0,0.0,18.3
69,Thaddeus Moss,CIN,TE,13.0,122.0,1.0,0.0,0.0,0.0,0.0,0.0,0.0,0.0,0.0,0.0,0.0,0.0,0.0,0.0,0.0,0.0,0.0,0.0,0.0,0.0,18.2
99,Justice Hill,BAL,RB,5.2,37.2,0.7,0.1,21.0,95.9,0.7,0.0,0.0,0.0,0.0,0.0,0.0,0.0,0.0,0.0,0.0,0.0,0.0,0.0,0.0,0.0,18.2
100,Jerick McKinnon,KC,RB,6.9,49.5,0.4,0.1,21.4,94.7,0.4,0.0,0.0,0.0,0.0,0.0,0.0,0.0,0.0,0.0,0.0,0.0,0.0,0.0,0.0,0.0,18.2
137,KeeSean Johnson,ARI,WR,10.6,121.3,1.0,0.0,0.0,0.0,0.0,0.0,0.0,0.0,0.0,0.0,0.0,0.0,0.0,0.0,0.0,0.0,0.0,0.0,0.0,0.0,18.1
138,Cam Sims,WAS,WR,10.5,140.9,0.7,0.0,0.0,0.0,0.0,0.0,0.0,0.0,0.0,0.0,0.0,0.0,0.0,0.0,0.0,0.0,0.0,0.0,0.0,0.0,18.0
41,James Morgan,NYJ,QB,0.0,0.0,0.0,0.3,1.9,8.3,0.1,47.2,28.7,329.2,1.7,1.3,0.0,0.0,0.0,0.0,0.0,0.0,0.0,0.0,0.0,0.0,17.9
139,Jalen Hurd,SF,WR,7.9,100.7,0.6,0.1,4.7,28.8,0.2,0.0,0.0,0.0,0.0,0.0,0.0,0.0,0.0,0.0,0.0,0.0,0.0,0.0,0.0,0.0,17.7
141,Ray-Ray McCloud,PIT,WR,11.5,114.3,0.7,0.2,3.0,18.7,0.1,0.0,0.0,0.0,0.0,0.0,0.0,0.0,0.0,0.0,0.0,0.0,0.0,0.0,0.0,0.0,17.4
140,Christian Blake,ATL,WR,12.5,146.0,0.5,0.1,0.0,0.0,0.0,0.0,0.0,0.0,0.0,0.0,0.0,0.0,0.0,0.0,0.0,0.0,0.0,0.0,0.0,0.0,17.4
142,Anthony Schwartz,CLE,WR,10.1,124.2,0.8,0.1,0.0,0.0,0.0,0.0,0.0,0.0,0.0,0.0,0.0,0.0,0.0,0.0,0.0,0.0,0.0,0.0,0.0,0.0,17.3
70,Nick Vannett,NO,TE,11.0,118.6,0.9,0.1,0.0,0.0,0.0,0.0,0.0,0.0,0.0,0.0,0.0,0.0,0.0,0.0,0.0,0.0,0.0,0.0,0.0,0.0,17.2
71,Hunter Bryant,DET,TE,10.4,122.8,0.8,0.0,0.0,0.0,0.0,0.0,0.0,0.0,0.0,0.0,0.0,0.0,0.0,0.0,0.0,0.0,0.0,0.0,0.0,0.0,17.2
72,Devin Asiasi,NE,TE,10.4,117.1,1.1,0.5,0.0,0.0,0.0,0.0,0.0,0.0,0.0,0.0,0.0,0.0,0.0,0.0,0.0,0.0,0.0,0.0,0.0,0.0,17.1
101,Kerryon Johnson,PHI,RB,3.7,29.6,0.6,0.3,26.1,102.2,0.6,0.0,0.0,0.0,0.0,0.0,0.0,0.0,0.0,0.0,0.0,0.0,0.0,0.0,0.0,0.0,16.9
74,Ross Dwelley,SF,TE,11.5,118.4,0.9,0.0,0.0,0.0,0.0,0.0,0.0,0.0,0.0,0.0,0.0,0.0,0.0,0.0,0.0,0.0,0.0,0.0,0.0,0.0,16.9
73,Jace Sternberger,GB,TE,10.5,101.9,1.1,0.0,0.0,0.0,0.0,0.0,0.0,0.0,0.0,0.0,0.0,0.0,0.0,0.0,0.0,0.0,0.0,0.0,0.0,0.0,16.9
102,Ameer Abdullah,MIN,RB,8.0,58.5,0.3,0.1,18.9,76.2,0.3,0.0,0.0,0.0,0.0,0.0,0.0,0.0,0.0,0.0,0.0,0.0,0.0,0.0,0.0,0.0,16.7
75,Brycen Hopkins,LAR,TE,12.4,126.5,0.7,0.1,0.0,0.0,0.0,0.0,0.0,0.0,0.0,0.0,0.0,0.0,0.0,0.0,0.0,0.0,0.0,0.0,0.0,0.0,16.7
104,JaMycal Hasty,SF,RB,2.7,18.6,0.6,0.0,21.5,105.0,0.6,0.0,0.0,0.0,0.0,0.0,0.0,0.0,0.0,0.0,0.0,0.0,0.0,0.0,0.0,0.0,16.5
103,Eno Benjamin,ARI,RB,3.4,27.0,0.6,0.1,23.5,100.4,0.6,0.0,0.0,0.0,0.0,0.0,0.0,0.0,0.0,0.0,0.0,0.0,0.0,0.0,0.0,0.0,16.5
76,Durham Smythe,MIA,TE,13.1,108.2,1.0,0.0,0.0,0.0,0.0,0.0,0.0,0.0,0.0,0.0,0.0,0.0,0.0,0.0,0.0,0.0,0.0,0.0,0.0,0.0,16.4
105,Jeremy McNichols,TEN,RB,4.7,31.6,0.5,0.1,21.8,96.9,0.5,0.0,0.0,0.0,0.0,0.0,0.0,0.0,0.0,0.0,0.0,0.0,0.0,0.0,0.0,0.0,16.3
42,Kyle Trask,TB,QB,0.0,0.0,0.0,0.2,1.3,5.1,0.0,34.6,21.3,247.5,1.8,0.7,0.0,0.0,0.0,0.0,0.0,0.0,0.0,0.0,0.0,0.0,16.2
77,Austin Fort,DEN,TE,10.0,102.0,1.0,0.0,0.0,0.0,0.0,0.0,0.0,0.0,0.0,0.0,0.0,0.0,0.0,0.0,0.0,0.0,0.0,0.0,0.0,0.0,16.2
78,Derek Carrier,LV,TE,10.0,92.3,1.2,0.0,0.0,0.0,0.0,0.0,0.0,0.0,0.0,0.0,0.0,0.0,0.0,0.0,0.0,0.0,0.0,0.0,0.0,0.0,16.1
143,Donovan Peoples-Jones,CLE,WR,9.9,124.8,0.6,0.0,0.0,0.0,0.0,0.0,0.0,0.0,0.0,0.0,0.0,0.0,0.0,0.0,0.0,0.0,0.0,0.0,0.0,0.0,16.0
79,Stephen Carlson,CLE,TE,8.1,88.5,1.1,0.0,0.0,0.0,0.0,0.0,0.0,0.0,0.0,0.0,0.0,0.0,0.0,0.0,0.0,0.0,0.0,0.0,0.0,0.0,15.5
106,Demetric Felton,CLE,RB,2.5,20.6,0.7,0.0,18.7,90.2,0.7,0.0,0.0,0.0,0.0,0.0,0.0,0.0,0.0,0.0,0.0,0.0,0.0,0.0,0.0,0.0,15.4
107,Travis Homer,SEA,RB,6.0,43.8,0.4,0.2,17.8,75.2,0.4,0.0,0.0,0.0,0.0,0.0,0.0,0.0,0.0,0.0,0.0,0.0,0.0,0.0,0.0,0.0,15.2
80,Jordan Thomas,IND,TE,8.3,75.5,1.3,0.0,0.0,0.0,0.0,0.0,0.0,0.0,0.0,0.0,0.0,0.0,0.0,0.0,0.0,0.0,0.0,0.0,0.0,0.0,15.1
108,Josh Adams,NYJ,RB,0.9,5.5,1.1,0.0,16.6,78.5,1.1,0.0,0.0,0.0,0.0,0.0,0.0,0.0,0.0,0.0,0.0,0.0,0.0,0.0,0.0,0.0,14.9
81,Brevin Jordan,HOU,TE,10.4,111.2,0.6,0.0,0.0,0.0,0.0,0.0,0.0,0.0,0.0,0.0,0.0,0.0,0.0,0.0,0.0,0.0,0.0,0.0,0.0,0.0,14.8
144,Jamal Agnew,JAC,WR,6.8,76.3,0.4,0.1,6.2,33.8,0.2,0.0,0.0,0.0,0.0,0.0,0.0,0.0,0.0,0.0,0.0,0.0,0.0,0.0,0.0,0.0,14.7
145,Tyler Johnson,TB,WR,8.1,102.7,0.8,0.0,0.0,0.0,0.0,0.0,0.0,0.0,0.0,0.0,0.0,0.0,0.0,0.0,0.0,0.0,0.0,0.0,0.0,0.0,14.7
43,Jacoby Brissett,MIA,QB,0.0,0.0,0.0,0.3,4.3,14.1,0.2,32.0,20.0,227.9,1.1,0.5,0.0,0.0,0.0,0.0,0.0,0.0,0.0,0.0,0.0,0.0,14.4
146,Jeff Smith,NYJ,WR,9.6,107.2,0.6,0.0,0.0,0.0,0.0,0.0,0.0,0.0,0.0,0.0,0.0,0.0,0.0,0.0,0.0,0.0,0.0,0.0,0.0,0.0,14.4
147,Cedrick Wilson,DAL,WR,8.4,110.1,0.6,0.1,0.0,0.0,0.0,0.0,0.0,0.0,0.0,0.0,0.0,0.0,0.0,0.0,0.0,0.0,0.0,0.0,0.0,0.0,14.3
109,Dexter Williams,GB,RB,6.6,49.2,0.4,0.1,12.7,54.2,0.4,0.0,0.0,0.0,0.0,0.0,0.0,0.0,0.0,0.0,0.0,0.0,0.0,0.0,0.0,0.0,14.3
148,Marquise Goodwin,CHI,WR,10.8,112.4,0.5,0.0,0.0,0.0,0.0,0.0,0.0,0.0,0.0,0.0,0.0,0.0,0.0,0.0,0.0,0.0,0.0,0.0,0.0,0.0,14.2
110,Dontrell Hilliard,HOU,RB,4.9,36.1,1.0,0.0,12.4,45.0,1.0,0.0,0.0,0.0,0.0,0.0,0.0,0.0,0.0,0.0,0.0,0.0,0.0,0.0,0.0,0.0,14.1
82,Josiah Deguara,GB,TE,9.3,96.1,0.9,0.5,0.0,0.0,0.0,0.0,0.0,0.0,0.0,0.0,0.0,0.0,0.0,0.0,0.0,0.0,0.0,0.0,0.0,0.0,14.0
111,Lamar Miller,WAS,RB,3.1,25.4,0.8,0.0,14.9,62.1,0.8,0.0,0.0,0.0,0.0,0.0,0.0,0.0,0.0,0.0,0.0,0.0,0.0,0.0,0.0,0.0,13.9
83,Blake Bell,KC,TE,10.0,94.8,0.7,0.0,0.0,0.0,0.0,0.0,0.0,0.0,0.0,0.0,0.0,0.0,0.0,0.0,0.0,0.0,0.0,0.0,0.0,0.0,13.8
149,Alex Erickson,HOU,WR,9.4,107.3,0.5,0.1,0.0,0.0,0.0,0.0,0.0,0.0,0.0,0.0,0.0,0.0,0.0,0.0,0.0,0.0,0.0,0.0,0.0,0.0,13.6
150,Cameron Batson,TEN,WR,7.2,80.1,0.6,0.1,2.5,14.9,0.1,0.0,0.0,0.0,0.0,0.0,0.0,0.0,0.0,0.0,0.0,0.0,0.0,0.0,0.0,0.0,13.5
84,Luke Farrell,JAC,TE,12.0,110.7,0.6,0.5,0.0,0.0,0.0,0.0,0.0,0.0,0.0,0.0,0.0,0.0,0.0,0.0,0.0,0.0,0.0,0.0,0.0,0.0,13.4
44,Mason Rudolph,PIT,QB,0.0,0.0,0.0,0.1,2.7,8.9,0.1,32.8,20.2,222.4,1.3,0.8,0.0,0.0,0.0,0.0,0.0,0.0,0.0,0.0,0.0,0.0,13.4
45,Phillip Walker,CAR,QB,0.0,0.0,0.0,0.5,2.0,6.1,0.1,39.5,25.0,287.8,0.9,1.0,0.0,0.0,0.0,0.0,0.0,0.0,0.0,0.0,0.0,0.0,13.3
112,D'Ernest Johnson,CLE,RB,3.6,27.5,0.4,0.2,18.5,79.5,0.4,0.0,0.0,0.0,0.0,0.0,0.0,0.0,0.0,0.0,0.0,0.0,0.0,0.0,0.0,0.0,13.1
113,Jordan Howard,PHI,RB,0.4,4.5,1.0,0.0,14.9,64.4,1.0,0.0,0.0,0.0,0.0,0.0,0.0,0.0,0.0,0.0,0.0,0.0,0.0,0.0,0.0,0.0,12.9
151,Mike Thomas,CIN,WR,7.5,94.0,0.6,0.1,0.0,0.0,0.0,0.0,0.0,0.0,0.0,0.0,0.0,0.0,0.0,0.0,0.0,0.0,0.0,0.0,0.0,0.0,12.7
153,Chris Moore,HOU,WR,8.3,92.6,0.6,0.0,0.0,0.0,0.0,0.0,0.0,0.0,0.0,0.0,0.0,0.0,0.0,0.0,0.0,0.0,0.0,0.0,0.0,0.0,12.6
152,Noah Brown,DAL,WR,7.6,93.7,0.6,0.1,0.0,0.0,0.0,0.0,0.0,0.0,0.0,0.0,0.0,0.0,0.0,0.0,0.0,0.0,0.0,0.0,0.0,0.0,12.6
46,Taylor Heinicke,WAS,QB,0.0,0.0,0.0,0.2,3.0,13.0,0.1,29.7,18.9,200.1,1.1,0.8,0.0,0.0,0.0,0.0,0.0,0.0,0.0,0.0,0.0,0.0,12.4
114,Rico Dowdle,DAL,RB,2.9,26.4,0.5,0.0,15.6,65.2,0.5,0.0,0.0,0.0,0.0,0.0,0.0,0.0,0.0,0.0,0.0,0.0,0.0,0.0,0.0,0.0,12.4
115,Royce Freeman,DEN,RB,3.6,22.5,0.4,0.0,16.2,67.9,0.4,0.0,0.0,0.0,0.0,0.0,0.0,0.0,0.0,0.0,0.0,0.0,0.0,0.0,0.0,0.0,12.2
154,Equanimeous St. Brown,GB,WR,6.5,88.2,0.6,0.0,0.0,0.0,0.0,0.0,0.0,0.0,0.0,0.0,0.0,0.0,0.0,0.0,0.0,0.0,0.0,0.0,0.0,0.0,12.2
156,Andy Isabella,ARI,WR,7.2,90.1,0.5,0.0,0.0,0.0,0.0,0.0,0.0,0.0,0.0,0.0,0.0,0.0,0.0,0.0,0.0,0.0,0.0,0.0,0.0,0.0,11.9
155,Frank Darby,ATL,WR,7.3,92.3,0.5,0.0,0.0,0.0,0.0,0.0,0.0,0.0,0.0,0.0,0.0,0.0,0.0,0.0,0.0,0.0,0.0,0.0,0.0,0.0,11.9
116,Ty Montgomery,NO,RB,6.1,47.9,0.1,0.1,14.3,53.9,0.1,0.0,0.0,0.0,0.0,0.0,0.0,0.0,0.0,0.0,0.0,0.0,0.0,0.0,0.0,0.0,11.9
117,Jordan Wilkins,IND,RB,1.7,12.3,0.4,0.0,14.7,72.9,0.4,0.0,0.0,0.0,0.0,0.0,0.0,0.0,0.0,0.0,0.0,0.0,0.0,0.0,0.0,0.0,11.6
157,Penny Hart,SEA,WR,6.7,78.3,0.6,0.0,0.7,3.3,0.0,0.0,0.0,0.0,0.0,0.0,0.0,0.0,0.0,0.0,0.0,0.0,0.0,0.0,0.0,0.0,11.5
85,John Bates,WAS,TE,9.5,88.2,0.6,0.5,0.0,0.0,0.0,0.0,0.0,0.0,0.0,0.0,0.0,0.0,0.0,0.0,0.0,0.0,0.0,0.0,0.0,0.0,11.2
119,Kene Nwangwu,MIN,RB,3.0,21.0,0.0,0.0,23.0,91.0,0.0,0.0,0.0,0.0,0.0,0.0,0.0,0.0,0.0,0.0,0.0,0.0,0.0,0.0,0.0,0.0,11.2
118,Trey Edmunds,PIT,RB,3.9,25.8,0.3,0.0,12.7,55.1,0.3,0.0,0.0,0.0,0.0,0.0,0.0,0.0,0.0,0.0,0.0,0.0,0.0,0.0,0.0,0.0,11.2
158,Juwan Johnson,NO,WR,7.3,97.3,0.2,0.0,0.0,0.0,0.0,0.0,0.0,0.0,0.0,0.0,0.0,0.0,0.0,0.0,0.0,0.0,0.0,0.0,0.0,0.0,11.0
47,Tim Boyle,DET,QB,0.0,0.0,0.0,0.0,2.7,3.3,0.0,26.3,16.3,181.3,1.0,0.3,0.0,0.0,0.0,0.0,0.0,0.0,0.0,0.0,0.0,0.0,10.9
48,Kellen Mond,MIN,QB,0.0,0.0,0.0,0.1,1.7,7.8,0.1,21.0,13.3,153.2,1.1,0.4,0.0,0.0,0.0,0.0,0.0,0.0,0.0,0.0,0.0,0.0,10.8
120,Ke'Shawn Vaughn,TB,RB,2.4,17.1,0.4,0.0,13.8,58.5,0.4,0.0,0.0,0.0,0.0,0.0,0.0,0.0,0.0,0.0,0.0,0.0,0.0,0.0,0.0,0.0,10.8
159,Devin Funchess,GB,WR,5.6,71.3,0.6,0.0,0.0,0.0,0.0,0.0,0.0,0.0,0.0,0.0,0.0,0.0,0.0,0.0,0.0,0.0,0.0,0.0,0.0,0.0,10.6
86,Tommy Sweeney,BUF,TE,6.0,75.7,0.5,0.0,0.0,0.0,0.0,0.0,0.0,0.0,0.0,0.0,0.0,0.0,0.0,0.0,0.0,0.0,0.0,0.0,0.0,0.0,10.6
160,Nick Westbrook-Ikhine,TEN,WR,5.8,77.2,0.5,0.0,0.0,0.0,0.0,0.0,0.0,0.0,0.0,0.0,0.0,0.0,0.0,0.0,0.0,0.0,0.0,0.0,0.0,0.0,10.6
121,Gary Brightwell,NYG,RB,2.6,18.9,0.3,0.1,16.2,69.4,0.3,0.0,0.0,0.0,0.0,0.0,0.0,0.0,0.0,0.0,0.0,0.0,0.0,0.0,0.0,0.0,10.5
161,DaeSean Hamilton,DEN,WR,7.3,75.0,0.5,0.0,0.0,0.0,0.0,0.0,0.0,0.0,0.0,0.0,0.0,0.0,0.0,0.0,0.0,0.0,0.0,0.0,0.0,0.0,10.4
88,Caleb Wilson,PHI,TE,6.8,66.8,0.6,0.0,0.0,0.0,0.0,0.0,0.0,0.0,0.0,0.0,0.0,0.0,0.0,0.0,0.0,0.0,0.0,0.0,0.0,0.0,10.3
87,J.P. Holtz,CHI,TE,5.9,73.4,0.5,0.0,0.0,0.0,0.0,0.0,0.0,0.0,0.0,0.0,0.0,0.0,0.0,0.0,0.0,0.0,0.0,0.0,0.0,0.0,10.3
89,Stephen Anderson,LAC,TE,5.9,73.2,0.4,0.0,0.0,0.0,0.0,0.0,0.0,0.0,0.0,0.0,0.0,0.0,0.0,0.0,0.0,0.0,0.0,0.0,0.0,0.0,10.0
122,J.J. Taylor,NE,RB,1.9,14.9,0.4,0.0,13.5,59.1,0.4,0.0,0.0,0.0,0.0,0.0,0.0,0.0,0.0,0.0,0.0,0.0,0.0,0.0,0.0,0.0,10.0
90,Tommy Tremble,CAR,TE,8.6,85.3,0.4,0.5,0.0,0.0,0.0,0.0,0.0,0.0,0.0,0.0,0.0,0.0,0.0,0.0,0.0,0.0,0.0,0.0,0.0,0.0,9.9
123,Patrick Ricard,BAL,RB,8.8,58.0,0.0,0.5,1.3,3.0,0.0,0.0,0.0,0.0,0.0,0.0,0.0,0.0,0.0,0.0,0.0,0.0,0.0,0.0,0.0,0.0,9.9
93,Evan Baylis,KC,TE,6.5,67.5,0.5,0.0,0.0,0.0,0.0,0.0,0.0,0.0,0.0,0.0,0.0,0.0,0.0,0.0,0.0,0.0,0.0,0.0,0.0,0.0,9.8
92,Tre' McKitty,LAC,TE,7.0,75.3,0.4,0.0,0.0,0.0,0.0,0.0,0.0,0.0,0.0,0.0,0.0,0.0,0.0,0.0,0.0,0.0,0.0,0.0,0.0,0.0,9.8
91,Colby Parkinson,SEA,TE,5.9,61.4,0.6,0.1,0.0,0.0,0.0,0.0,0.0,0.0,0.0,0.0,0.0,0.0,0.0,0.0,0.0,0.0,0.0,0.0,0.0,0.0,9.8
49,Gardner Minshew II,JAC,QB,0.0,0.0,0.0,0.6,2.4,11.9,0.0,22.9,15.1,160.1,1.1,0.5,0.0,0.0,0.0,0.0,0.0,0.0,0.0,0.0,0.0,0.0,9.8
124,Alec Ingold,LV,RB,6.6,54.7,0.2,0.1,4.5,18.8,0.2,0.0,0.0,0.0,0.0,0.0,0.0,0.0,0.0,0.0,0.0,0.0,0.0,0.0,0.0,0.0,9.8
125,Kylin Hill,GB,RB,1.5,11.0,0.1,0.0,20.0,80.6,0.1,0.0,0.0,0.0,0.0,0.0,0.0,0.0,0.0,0.0,0.0,0.0,0.0,0.0,0.0,0.0,9.7
126,C.J. Ham,MIN,RB,5.9,50.0,0.2,0.1,4.7,20.0,0.2,0.0,0.0,0.0,0.0,0.0,0.0,0.0,0.0,0.0,0.0,0.0,0.0,0.0,0.0,0.0,9.6
50,Marcus Mariota,LV,QB,0.0,0.0,0.0,0.1,3.4,17.7,0.0,21.4,13.3,152.3,0.8,0.7,0.0,0.0,0.0,0.0,0.0,0.0,0.0,0.0,0.0,0.0,9.6
51,Sam Ehlinger,IND,QB,0.0,0.0,0.0,0.0,1.0,4.0,0.0,18.0,12.0,128.0,1.0,0.0,0.0,0.0,0.0,0.0,0.0,0.0,0.0,0.0,0.0,0.0,9.5
94,Richard Rodgers,PHI,TE,4.9,64.5,0.5,0.0,0.0,0.0,0.0,0.0,0.0,0.0,0.0,0.0,0.0,0.0,0.0,0.0,0.0,0.0,0.0,0.0,0.0,0.0,9.3
52,Mitchell Trubisky,BUF,QB,0.0,0.0,0.0,0.1,3.6,15.2,0.1,18.3,12.1,134.8,0.9,0.7,0.0,0.0,0.0,0.0,0.0,0.0,0.0,0.0,0.0,0.0,9.3
162,John Ross,NYG,WR,4.3,56.4,0.5,0.1,0.7,3.9,0.0,0.0,0.0,0.0,0.0,0.0,0.0,0.0,0.0,0.0,0.0,0.0,0.0,0.0,0.0,0.0,9.2
97,Charlie Woerner,SF,TE,5.7,63.9,0.4,0.0,0.0,0.0,0.0,0.0,0.0,0.0,0.0,0.0,0.0,0.0,0.0,0.0,0.0,0.0,0.0,0.0,0.0,0.0,9.0
95,Colin Thompson,CAR,TE,6.3,60.4,0.5,0.0,0.0,0.0,0.0,0.0,0.0,0.0,0.0,0.0,0.0,0.0,0.0,0.0,0.0,0.0,0.0,0.0,0.0,0.0,9.0
96,Jeremy Sprinkle,DAL,TE,6.1,62.5,0.5,0.0,0.0,0.0,0.0,0.0,0.0,0.0,0.0,0.0,0.0,0.0,0.0,0.0,0.0,0.0,0.0,0.0,0.0,0.0,9.0
53,Chad Henne,KC,QB,0.0,0.0,0.0,0.1,1.3,5.8,0.0,21.3,13.3,153.0,0.7,0.2,0.0,0.0,0.0,0.0,0.0,0.0,0.0,0.0,0.0,0.0,9.0
163,Antonio Gandy-Golden,WAS,WR,4.8,64.8,0.4,0.0,0.0,0.0,0.0,0.0,0.0,0.0,0.0,0.0,0.0,0.0,0.0,0.0,0.0,0.0,0.0,0.0,0.0,0.0,8.7
127,Chris Evans,CIN,RB,2.3,17.0,0.1,0.1,14.9,57.3,0.1,0.0,0.0,0.0,0.0,0.0,0.0,0.0,0.0,0.0,0.0,0.0,0.0,0.0,0.0,0.0,8.6
54,Trace McSorley,BAL,QB,0.0,0.0,0.0,0.1,3.3,14.4,0.1,18.0,11.1,125.1,0.7,0.5,0.0,0.0,0.0,0.0,0.0,0.0,0.0,0.0,0.0,0.0,8.5
98,Jaeden Graham,ATL,TE,5.3,65.8,0.3,0.0,0.0,0.0,0.0,0.0,0.0,0.0,0.0,0.0,0.0,0.0,0.0,0.0,0.0,0.0,0.0,0.0,0.0,0.0,8.5
99,Antony Auclair,HOU,TE,4.9,54.5,0.5,0.0,0.0,0.0,0.0,0.0,0.0,0.0,0.0,0.0,0.0,0.0,0.0,0.0,0.0,0.0,0.0,0.0,0.0,0.0,8.4
100,Johnny Mundt,LAR,TE,5.3,56.5,0.5,0.0,0.0,0.0,0.0,0.0,0.0,0.0,0.0,0.0,0.0,0.0,0.0,0.0,0.0,0.0,0.0,0.0,0.0,0.0,8.4
55,Joe Flacco,PHI,QB,0.0,0.0,0.0,0.6,1.2,5.8,0.0,26.0,16.3,174.1,0.8,0.7,0.0,0.0,0.0,0.0,0.0,0.0,0.0,0.0,0.0,0.0,8.3
56,John Wolford,LAR,QB,0.0,0.0,0.0,0.1,1.8,9.0,0.0,21.8,13.6,149.7,0.6,0.4,0.0,0.0,0.0,0.0,0.0,0.0,0.0,0.0,0.0,0.0,8.3
128,Theo Riddick,LV,RB,5.4,42.3,0.1,0.1,7.3,30.9,0.1,0.0,0.0,0.0,0.0,0.0,0.0,0.0,0.0,0.0,0.0,0.0,0.0,0.0,0.0,0.0,8.2
129,Reggie Bonnafon,CAR,RB,3.4,25.2,0.1,0.1,12.0,45.5,0.1,0.0,0.0,0.0,0.0,0.0,0.0,0.0,0.0,0.0,0.0,0.0,0.0,0.0,0.0,0.0,8.1
164,Javon Wims,CHI,WR,5.2,70.9,0.2,0.0,0.0,0.0,0.0,0.0,0.0,0.0,0.0,0.0,0.0,0.0,0.0,0.0,0.0,0.0,0.0,0.0,0.0,0.0,8.0
165,Tajae Sharpe,ATL,WR,4.6,58.6,0.4,0.0,0.0,0.0,0.0,0.0,0.0,0.0,0.0,0.0,0.0,0.0,0.0,0.0,0.0,0.0,0.0,0.0,0.0,0.0,8.0
101,Jason Croom,PHI,TE,5.4,48.7,0.5,0.0,0.0,0.0,0.0,0.0,0.0,0.0,0.0,0.0,0.0,0.0,0.0,0.0,0.0,0.0,0.0,0.0,0.0,0.0,7.9
57,Garrett Gilbert,DAL,QB,0.0,0.0,0.0,0.1,1.5,6.2,0.0,20.2,12.6,142.9,0.6,0.4,0.0,0.0,0.0,0.0,0.0,0.0,0.0,0.0,0.0,0.0,7.9
166,Albert Wilson,MIA,WR,4.8,48.5,0.3,0.0,1.6,8.8,0.0,0.0,0.0,0.0,0.0,0.0,0.0,0.0,0.0,0.0,0.0,0.0,0.0,0.0,0.0,0.0,7.8
58,Geno Smith,SEA,QB,0.0,0.0,0.0,0.2,1.3,2.5,0.0,17.4,11.0,122.0,0.9,0.3,0.0,0.0,0.0,0.0,0.0,0.0,0.0,0.0,0.0,0.0,7.7
130,Alex Armah,NO,RB,4.5,36.3,0.2,0.1,4.4,18.5,0.2,0.0,0.0,0.0,0.0,0.0,0.0,0.0,0.0,0.0,0.0,0.0,0.0,0.0,0.0,0.0,7.7
102,Levine Toilolo,NYG,TE,5.4,46.2,0.5,0.0,0.0,0.0,0.0,0.0,0.0,0.0,0.0,0.0,0.0,0.0,0.0,0.0,0.0,0.0,0.0,0.0,0.0,0.0,7.6
59,Brandon Allen,CIN,QB,0.0,0.0,0.0,0.1,1.3,5.1,0.0,20.9,13.2,144.1,0.6,0.5,0.0,0.0,0.0,0.0,0.0,0.0,0.0,0.0,0.0,0.0,7.6
168,Steven Sims Jr.,WAS,WR,3.9,49.3,0.3,0.0,1.1,7.0,0.0,0.0,0.0,0.0,0.0,0.0,0.0,0.0,0.0,0.0,0.0,0.0,0.0,0.0,0.0,0.0,7.5
167,Victor Bolden Jr.,DET,WR,5.2,56.2,0.3,0.0,0.0,0.0,0.0,0.0,0.0,0.0,0.0,0.0,0.0,0.0,0.0,0.0,0.0,0.0,0.0,0.0,0.0,0.0,7.5
103,Ben Ellefson,JAC,TE,5.0,53.6,0.4,0.0,0.0,0.0,0.0,0.0,0.0,0.0,0.0,0.0,0.0,0.0,0.0,0.0,0.0,0.0,0.0,0.0,0.0,0.0,7.4
169,Kalif Raymond,DET,WR,4.9,64.9,0.1,0.0,0.0,0.0,0.0,0.0,0.0,0.0,0.0,0.0,0.0,0.0,0.0,0.0,0.0,0.0,0.0,0.0,0.0,0.0,7.3
60,Jordan Love,GB,QB,0.0,0.0,0.0,0.1,0.7,3.1,0.0,15.6,9.6,108.7,0.9,0.3,0.0,0.0,0.0,0.0,0.0,0.0,0.0,0.0,0.0,0.0,7.3
61,Chase Daniel,LAC,QB,0.0,0.0,0.0,0.1,1.5,5.8,0.0,18.5,11.6,132.1,0.6,0.5,0.0,0.0,0.0,0.0,0.0,0.0,0.0,0.0,0.0,0.0,7.2
62,Ian Book,NO,QB,0.0,0.0,0.0,0.0,1.0,4.0,0.0,17.0,12.0,120.0,1.0,1.0,0.0,0.0,0.0,0.0,0.0,0.0,0.0,0.0,0.0,0.0,7.2
63,David Blough,DET,QB,0.0,0.0,0.0,0.1,1.7,6.6,0.0,18.6,11.3,125.2,0.7,0.6,0.0,0.0,0.0,0.0,0.0,0.0,0.0,0.0,0.0,0.0,7.2
171,Malik Taylor,GB,WR,4.3,50.1,0.3,0.0,0.0,0.0,0.0,0.0,0.0,0.0,0.0,0.0,0.0,0.0,0.0,0.0,0.0,0.0,0.0,0.0,0.0,0.0,7.1
170,Diontae Spencer,DEN,WR,3.6,40.0,0.2,0.0,2.4,13.7,0.1,0.0,0.0,0.0,0.0,0.0,0.0,0.0,0.0,0.0,0.0,0.0,0.0,0.0,0.0,0.0,7.1
131,Andrew Beck,DEN,RB,4.1,28.0,0.2,0.0,4.9,21.2,0.2,0.0,0.0,0.0,0.0,0.0,0.0,0.0,0.0,0.0,0.0,0.0,0.0,0.0,0.0,0.0,7.0
132,Khalil Herbert,CHI,RB,2.0,16.3,0.2,0.0,8.3,34.5,0.2,0.0,0.0,0.0,0.0,0.0,0.0,0.0,0.0,0.0,0.0,0.0,0.0,0.0,0.0,0.0,6.9
173,Cornell Powell,KC,WR,3.8,48.7,0.3,0.0,0.0,0.0,0.0,0.0,0.0,0.0,0.0,0.0,0.0,0.0,0.0,0.0,0.0,0.0,0.0,0.0,0.0,0.0,6.8
172,Ihmir Smith-Marsette,MIN,WR,4.6,60.8,0.1,0.0,0.0,0.0,0.0,0.0,0.0,0.0,0.0,0.0,0.0,0.0,0.0,0.0,0.0,0.0,0.0,0.0,0.0,0.0,6.8
64,Logan Woodside,TEN,QB,0.0,0.0,0.0,0.1,2.0,5.4,0.0,12.8,7.9,90.5,0.8,0.3,0.0,0.0,0.0,0.0,0.0,0.0,0.0,0.0,0.0,0.0,6.7
175,J.J. Nelson,IND,WR,3.0,46.3,0.3,0.0,0.0,0.0,0.0,0.0,0.0,0.0,0.0,0.0,0.0,0.0,0.0,0.0,0.0,0.0,0.0,0.0,0.0,0.0,6.6
174,Isaiah Hodgins,BUF,WR,3.7,46.9,0.3,0.0,0.0,0.0,0.0,0.0,0.0,0.0,0.0,0.0,0.0,0.0,0.0,0.0,0.0,0.0,0.0,0.0,0.0,0.0,6.6
104,Josh Oliver,BAL,TE,4.0,41.6,0.4,0.0,0.0,0.0,0.0,0.0,0.0,0.0,0.0,0.0,0.0,0.0,0.0,0.0,0.0,0.0,0.0,0.0,0.0,0.0,6.6
133,Gerrid Doaks,MIA,RB,2.2,15.9,0.2,0.0,8.1,33.3,0.2,0.0,0.0,0.0,0.0,0.0,0.0,0.0,0.0,0.0,0.0,0.0,0.0,0.0,0.0,0.0,6.6
65,Chris Streveler,ARI,QB,0.0,0.0,0.0,0.2,1.6,6.7,0.1,15.9,9.4,106.3,0.6,0.5,0.0,0.0,0.0,0.0,0.0,0.0,0.0,0.0,0.0,0.0,6.5
178,Justin Watson,TB,WR,4.1,44.4,0.3,0.0,0.0,0.0,0.0,0.0,0.0,0.0,0.0,0.0,0.0,0.0,0.0,0.0,0.0,0.0,0.0,0.0,0.0,0.0,6.5
177,Jaelon Darden,TB,WR,4.2,48.0,0.3,0.0,0.0,0.0,0.0,0.0,0.0,0.0,0.0,0.0,0.0,0.0,0.0,0.0,0.0,0.0,0.0,0.0,0.0,0.0,6.5
176,Lil'Jordan Humphrey,NO,WR,3.6,47.2,0.3,0.0,0.0,0.0,0.0,0.0,0.0,0.0,0.0,0.0,0.0,0.0,0.0,0.0,0.0,0.0,0.0,0.0,0.0,0.0,6.5
134,Buddy Howell,HOU,RB,4.1,28.2,0.2,0.0,4.0,17.1,0.2,0.0,0.0,0.0,0.0,0.0,0.0,0.0,0.0,0.0,0.0,0.0,0.0,0.0,0.0,0.0,6.5
66,Tyler Huntley,BAL,QB,0.0,0.0,0.0,0.0,3.0,16.0,0.0,9.5,6.0,68.0,0.5,0.0,0.0,0.0,0.0,0.0,0.0,0.0,0.0,0.0,0.0,0.0,6.3
179,Isaac Whitney,ARI,WR,4.1,47.0,0.3,0.0,0.0,0.0,0.0,0.0,0.0,0.0,0.0,0.0,0.0,0.0,0.0,0.0,0.0,0.0,0.0,0.0,0.0,0.0,6.3
180,Marcus Johnson,TEN,WR,3.6,43.7,0.3,0.0,0.0,0.0,0.0,0.0,0.0,0.0,0.0,0.0,0.0,0.0,0.0,0.0,0.0,0.0,0.0,0.0,0.0,0.0,6.3
67,Blaine Gabbert,TB,QB,0.0,0.0,0.0,0.0,1.3,5.3,0.0,15.7,9.7,110.0,0.3,0.0,0.0,0.0,0.0,0.0,0.0,0.0,0.0,0.0,0.0,0.0,6.3
106,Ross Travis,ARI,TE,3.9,42.6,0.4,0.0,0.0,0.0,0.0,0.0,0.0,0.0,0.0,0.0,0.0,0.0,0.0,0.0,0.0,0.0,0.0,0.0,0.0,0.0,6.3
105,Kylen Granson,IND,TE,5.2,56.1,0.1,0.0,0.0,0.0,0.0,0.0,0.0,0.0,0.0,0.0,0.0,0.0,0.0,0.0,0.0,0.0,0.0,0.0,0.0,0.0,6.3
68,AJ McCarron,ATL,QB,0.0,0.0,0.0,0.2,0.5,2.2,0.0,15.5,9.8,111.5,0.6,0.4,0.0,0.0,0.0,0.0,0.0,0.0,0.0,0.0,0.0,0.0,6.2
135,Michael Warren II,DET,RB,2.3,16.7,0.2,0.0,7.7,31.4,0.2,0.0,0.0,0.0,0.0,0.0,0.0,0.0,0.0,0.0,0.0,0.0,0.0,0.0,0.0,0.0,6.2
107,Noah Togiai,IND,TE,3.9,42.9,0.3,0.1,0.0,0.0,0.0,0.0,0.0,0.0,0.0,0.0,0.0,0.0,0.0,0.0,0.0,0.0,0.0,0.0,0.0,0.0,6.1
181,Jakeem Grant Sr.,MIA,WR,3.2,35.2,0.2,0.0,1.5,8.4,0.0,0.0,0.0,0.0,0.0,0.0,0.0,0.0,0.0,0.0,0.0,0.0,0.0,0.0,0.0,0.0,5.9
137,Gabe Nabers,LAC,RB,3.2,25.1,0.1,0.1,3.3,14.4,0.1,0.0,0.0,0.0,0.0,0.0,0.0,0.0,0.0,0.0,0.0,0.0,0.0,0.0,0.0,0.0,5.8
136,Nick Bellore,SEA,RB,4.4,32.0,0.0,0.0,1.6,6.6,0.0,0.0,0.0,0.0,0.0,0.0,0.0,0.0,0.0,0.0,0.0,0.0,0.0,0.0,0.0,0.0,5.8
108,Nick Keizer,KC,TE,4.2,44.5,0.2,0.0,0.0,0.0,0.0,0.0,0.0,0.0,0.0,0.0,0.0,0.0,0.0,0.0,0.0,0.0,0.0,0.0,0.0,0.0,5.8
69,Mike Glennon,NYG,QB,0.0,0.0,0.0,0.6,1.2,5.6,0.0,18.6,11.7,125.1,0.6,0.4,0.0,0.0,0.0,0.0,0.0,0.0,0.0,0.0,0.0,0.0,5.8
182,Chester Rogers,TEN,WR,3.9,38.2,0.3,0.0,0.0,0.0,0.0,0.0,0.0,0.0,0.0,0.0,0.0,0.0,0.0,0.0,0.0,0.0,0.0,0.0,0.0,0.0,5.7
183,Gunner Olszewski,NE,WR,2.8,33.9,0.2,0.0,1.8,9.6,0.1,0.0,0.0,0.0,0.0,0.0,0.0,0.0,0.0,0.0,0.0,0.0,0.0,0.0,0.0,0.0,5.7
184,Zay Jones,LV,WR,3.3,37.3,0.3,0.0,0.0,0.0,0.0,0.0,0.0,0.0,0.0,0.0,0.0,0.0,0.0,0.0,0.0,0.0,0.0,0.0,0.0,0.0,5.6
186,Dazz Newsome,CHI,WR,3.3,42.6,0.2,0.0,0.0,0.0,0.0,0.0,0.0,0.0,0.0,0.0,0.0,0.0,0.0,0.0,0.0,0.0,0.0,0.0,0.0,0.0,5.5
138,Keith Smith,ATL,RB,3.4,26.1,0.1,0.1,3.2,13.7,0.1,0.0,0.0,0.0,0.0,0.0,0.0,0.0,0.0,0.0,0.0,0.0,0.0,0.0,0.0,0.0,5.5
185,Tylan Wallace,BAL,WR,3.0,38.7,0.3,0.0,0.0,0.0,0.0,0.0,0.0,0.0,0.0,0.0,0.0,0.0,0.0,0.0,0.0,0.0,0.0,0.0,0.0,0.0,5.5
187,Trent Taylor,CIN,WR,4.0,40.1,0.2,0.0,0.0,0.0,0.0,0.0,0.0,0.0,0.0,0.0,0.0,0.0,0.0,0.0,0.0,0.0,0.0,0.0,0.0,0.0,5.4
110,Mason Schreck,CIN,TE,3.5,36.5,0.3,0.0,0.0,0.0,0.0,0.0,0.0,0.0,0.0,0.0,0.0,0.0,0.0,0.0,0.0,0.0,0.0,0.0,0.0,0.0,5.2
70,Colt McCoy,ARI,QB,0.0,0.0,0.0,0.0,1.5,8.0,0.0,12.0,8.0,84.0,0.5,0.5,0.0,0.0,0.0,0.0,0.0,0.0,0.0,0.0,0.0,0.0,5.2
109,Temarrick Hemingway,WAS,TE,3.4,38.9,0.2,0.0,0.0,0.0,0.0,0.0,0.0,0.0,0.0,0.0,0.0,0.0,0.0,0.0,0.0,0.0,0.0,0.0,0.0,0.0,5.2
112,Jared Pinkney,TEN,TE,3.4,33.5,0.3,0.0,0.0,0.0,0.0,0.0,0.0,0.0,0.0,0.0,0.0,0.0,0.0,0.0,0.0,0.0,0.0,0.0,0.0,0.0,5.1
111,Alize Mack,DET,TE,4.0,39.3,0.2,0.0,0.0,0.0,0.0,0.0,0.0,0.0,0.0,0.0,0.0,0.0,0.0,0.0,0.0,0.0,0.0,0.0,0.0,0.0,5.1
139,Andy Janovich,CLE,RB,4.0,33.2,0.0,0.0,1.2,5.3,0.0,0.0,0.0,0.0,0.0,0.0,0.0,0.0,0.0,0.0,0.0,0.0,0.0,0.0,0.0,0.0,5.0
188,Quez Watkins,PHI,WR,2.9,38.3,0.2,0.0,0.0,0.0,0.0,0.0,0.0,0.0,0.0,0.0,0.0,0.0,0.0,0.0,0.0,0.0,0.0,0.0,0.0,0.0,4.9
71,Dwayne Haskins,PIT,QB,0.0,0.0,0.0,0.0,1.5,5.0,0.0,14.0,8.5,84.5,0.5,0.5,0.0,0.0,0.0,0.0,0.0,0.0,0.0,0.0,0.0,0.0,4.9
189,Keith Kirkwood,CAR,WR,3.0,38.3,0.2,0.0,0.0,0.0,0.0,0.0,0.0,0.0,0.0,0.0,0.0,0.0,0.0,0.0,0.0,0.0,0.0,0.0,0.0,0.0,4.7
73,Case Keenum,CLE,QB,0.0,0.0,0.0,0.6,0.9,3.6,0.0,13.0,8.1,92.9,0.6,0.4,0.0,0.0,0.0,0.0,0.0,0.0,0.0,0.0,0.0,0.0,4.5
72,Jarrett Stidham,NE,QB,0.0,0.0,0.0,0.0,2.5,5.0,0.0,10.5,7.0,76.0,0.5,0.5,0.0,0.0,0.0,0.0,0.0,0.0,0.0,0.0,0.0,0.0,4.5
140,Alex Collins,SEA,RB,1.4,10.6,0.2,0.1,4.8,20.2,0.2,0.0,0.0,0.0,0.0,0.0,0.0,0.0,0.0,0.0,0.0,0.0,0.0,0.0,0.0,0.0,4.4
141,Derek Watt,PIT,RB,1.7,12.2,0.1,0.0,4.2,17.8,0.1,0.0,0.0,0.0,0.0,0.0,0.0,0.0,0.0,0.0,0.0,0.0,0.0,0.0,0.0,0.0,4.3
142,Antonio Williams,BUF,RB,0.4,3.2,0.2,0.0,6.4,27.5,0.2,0.0,0.0,0.0,0.0,0.0,0.0,0.0,0.0,0.0,0.0,0.0,0.0,0.0,0.0,0.0,4.2
113,Deon Yelder,WAS,TE,2.6,29.3,0.2,0.0,0.0,0.0,0.0,0.0,0.0,0.0,0.0,0.0,0.0,0.0,0.0,0.0,0.0,0.0,0.0,0.0,0.0,0.0,4.2
190,Gehrig Dieter,KC,WR,2.4,31.2,0.2,0.0,0.0,0.0,0.0,0.0,0.0,0.0,0.0,0.0,0.0,0.0,0.0,0.0,0.0,0.0,0.0,0.0,0.0,0.0,4.2
143,Ben Mason,BAL,RB,3.5,27.6,0.0,0.0,0.0,0.0,0.0,0.0,0.0,0.0,0.0,0.0,0.0,0.0,0.0,0.0,0.0,0.0,0.0,0.0,0.0,0.0,4.1
144,Darwin Thompson,KC,RB,1.7,12.3,0.2,0.0,3.9,16.5,0.2,0.0,0.0,0.0,0.0,0.0,0.0,0.0,0.0,0.0,0.0,0.0,0.0,0.0,0.0,0.0,4.1
114,Zach Gentry,PIT,TE,2.7,28.6,0.2,0.0,0.0,0.0,0.0,0.0,0.0,0.0,0.0,0.0,0.0,0.0,0.0,0.0,0.0,0.0,0.0,0.0,0.0,0.0,4.1
191,J.J. Arcega-Whiteside,PHI,WR,2.2,31.0,0.2,0.0,0.0,0.0,0.0,0.0,0.0,0.0,0.0,0.0,0.0,0.0,0.0,0.0,0.0,0.0,0.0,0.0,0.0,0.0,4.0
145,Dwayne Washington,NO,RB,1.5,11.6,0.1,0.0,4.7,20.0,0.1,0.0,0.0,0.0,0.0,0.0,0.0,0.0,0.0,0.0,0.0,0.0,0.0,0.0,0.0,0.0,4.0
192,Damiere Byrd,CHI,WR,2.4,29.9,0.2,0.0,0.0,0.0,0.0,0.0,0.0,0.0,0.0,0.0,0.0,0.0,0.0,0.0,0.0,0.0,0.0,0.0,0.0,0.0,3.9
146,Michael Burton,KC,RB,1.9,14.8,0.1,0.0,3.3,13.9,0.1,0.0,0.0,0.0,0.0,0.0,0.0,0.0,0.0,0.0,0.0,0.0,0.0,0.0,0.0,0.0,3.9
147,Patrick Laird,MIA,RB,2.7,19.8,0.1,0.0,2.8,11.6,0.1,0.0,0.0,0.0,0.0,0.0,0.0,0.0,0.0,0.0,0.0,0.0,0.0,0.0,0.0,0.0,3.9
115,Dominique Dafney,GB,TE,2.4,25.8,0.2,0.0,0.0,0.0,0.0,0.0,0.0,0.0,0.0,0.0,0.0,0.0,0.0,0.0,0.0,0.0,0.0,0.0,0.0,0.0,3.8
193,Travis Benjamin,SF,WR,1.9,27.0,0.2,0.0,0.0,0.0,0.0,0.0,0.0,0.0,0.0,0.0,0.0,0.0,0.0,0.0,0.0,0.0,0.0,0.0,0.0,0.0,3.7
116,Garrett Griffin,NO,TE,2.3,25.8,0.2,0.0,0.0,0.0,0.0,0.0,0.0,0.0,0.0,0.0,0.0,0.0,0.0,0.0,0.0,0.0,0.0,0.0,0.0,0.0,3.7
194,Nsimba Webster,SF,WR,2.3,28.9,0.1,0.0,0.0,0.0,0.0,0.0,0.0,0.0,0.0,0.0,0.0,0.0,0.0,0.0,0.0,0.0,0.0,0.0,0.0,0.0,3.6
195,Jaydon Mickens,TB,WR,2.0,24.6,0.2,0.0,0.0,0.0,0.0,0.0,0.0,0.0,0.0,0.0,0.0,0.0,0.0,0.0,0.0,0.0,0.0,0.0,0.0,0.0,3.5
196,Simi Fehoko,DAL,WR,2.0,25.1,0.2,0.0,0.0,0.0,0.0,0.0,0.0,0.0,0.0,0.0,0.0,0.0,0.0,0.0,0.0,0.0,0.0,0.0,0.0,0.0,3.4
117,Brandon Dillon,MIN,TE,2.2,23.8,0.2,0.0,0.0,0.0,0.0,0.0,0.0,0.0,0.0,0.0,0.0,0.0,0.0,0.0,0.0,0.0,0.0,0.0,0.0,0.0,3.4
197,Terry Godwin,JAC,WR,2.0,22.6,0.2,0.0,0.0,0.0,0.0,0.0,0.0,0.0,0.0,0.0,0.0,0.0,0.0,0.0,0.0,0.0,0.0,0.0,0.0,0.0,3.3
118,Jesper Horsted,CHI,TE,2.3,24.3,0.1,0.0,0.0,0.0,0.0,0.0,0.0,0.0,0.0,0.0,0.0,0.0,0.0,0.0,0.0,0.0,0.0,0.0,0.0,0.0,3.3
198,Brandon Powell,BUF,WR,2.0,22.2,0.2,0.0,0.0,0.0,0.0,0.0,0.0,0.0,0.0,0.0,0.0,0.0,0.0,0.0,0.0,0.0,0.0,0.0,0.0,0.0,3.2
199,K.J. Osborn,MIN,WR,1.9,24.7,0.1,0.0,0.0,0.0,0.0,0.0,0.0,0.0,0.0,0.0,0.0,0.0,0.0,0.0,0.0,0.0,0.0,0.0,0.0,0.0,3.2
119,Cethan Carter,MIA,TE,2.5,24.2,0.1,0.0,0.0,0.0,0.0,0.0,0.0,0.0,0.0,0.0,0.0,0.0,0.0,0.0,0.0,0.0,0.0,0.0,0.0,0.0,3.1
120,Eric Saubert,DEN,TE,2.3,22.6,0.1,0.0,0.0,0.0,0.0,0.0,0.0,0.0,0.0,0.0,0.0,0.0,0.0,0.0,0.0,0.0,0.0,0.0,0.0,0.0,3.1
148,Corey Clement,NYG,RB,0.5,3.6,0.2,0.0,4.2,17.5,0.2,0.0,0.0,0.0,0.0,0.0,0.0,0.0,0.0,0.0,0.0,0.0,0.0,0.0,0.0,0.0,3.0
203,Braxton Berrios,NYJ,WR,1.5,17.4,0.1,0.0,1.0,5.8,0.0,0.0,0.0,0.0,0.0,0.0,0.0,0.0,0.0,0.0,0.0,0.0,0.0,0.0,0.0,0.0,2.9
201,Malcolm Perry,MIA,WR,1.2,11.7,0.1,0.0,1.8,9.4,0.1,0.0,0.0,0.0,0.0,0.0,0.0,0.0,0.0,0.0,0.0,0.0,0.0,0.0,0.0,0.0,2.9
204,Jalen Camp,JAC,WR,1.8,22.2,0.1,0.0,0.0,0.0,0.0,0.0,0.0,0.0,0.0,0.0,0.0,0.0,0.0,0.0,0.0,0.0,0.0,0.0,0.0,0.0,2.9
202,DeMichael Harris,IND,WR,1.2,14.6,0.1,0.0,1.6,9.0,0.0,0.0,0.0,0.0,0.0,0.0,0.0,0.0,0.0,0.0,0.0,0.0,0.0,0.0,0.0,0.0,2.9
149,Devine Ozigbo,JAC,RB,1.5,11.4,0.1,0.0,2.8,12.2,0.1,0.0,0.0,0.0,0.0,0.0,0.0,0.0,0.0,0.0,0.0,0.0,0.0,0.0,0.0,0.0,2.9
200,K.J. Hill Jr.,LAC,WR,1.4,16.7,0.1,0.0,1.0,6.3,0.0,0.0,0.0,0.0,0.0,0.0,0.0,0.0,0.0,0.0,0.0,0.0,0.0,0.0,0.0,0.0,2.9
122,Ricky Seals-Jones,WAS,TE,1.5,18.3,0.2,0.0,0.0,0.0,0.0,0.0,0.0,0.0,0.0,0.0,0.0,0.0,0.0,0.0,0.0,0.0,0.0,0.0,0.0,0.0,2.9
121,Kaden Smith,NYG,TE,2.5,22.0,0.1,0.0,0.0,0.0,0.0,0.0,0.0,0.0,0.0,0.0,0.0,0.0,0.0,0.0,0.0,0.0,0.0,0.0,0.0,0.0,2.9
150,Elijhaa Penny,NYG,RB,1.5,10.9,0.1,0.0,2.5,10.3,0.1,0.0,0.0,0.0,0.0,0.0,0.0,0.0,0.0,0.0,0.0,0.0,0.0,0.0,0.0,0.0,2.8
123,Troy Fumagalli,NE,TE,1.9,18.1,0.2,0.0,0.0,0.0,0.0,0.0,0.0,0.0,0.0,0.0,0.0,0.0,0.0,0.0,0.0,0.0,0.0,0.0,0.0,0.0,2.8
205,Kendall Hinton,DEN,WR,1.4,15.6,0.1,0.0,1.2,6.4,0.0,0.0,0.0,0.0,0.0,0.0,0.0,0.0,0.0,0.0,0.0,0.0,0.0,0.0,0.0,0.0,2.8
206,Allen Hurns,MIA,WR,1.6,16.8,0.2,0.0,0.0,0.0,0.0,0.0,0.0,0.0,0.0,0.0,0.0,0.0,0.0,0.0,0.0,0.0,0.0,0.0,0.0,0.0,2.8
151,Khari Blasingame,TEN,RB,2.3,19.5,0.0,0.0,0.5,2.1,0.0,0.0,0.0,0.0,0.0,0.0,0.0,0.0,0.0,0.0,0.0,0.0,0.0,0.0,0.0,0.0,2.7
207,Ashton Dulin,IND,WR,1.2,15.0,0.1,0.0,1.2,6.2,0.0,0.0,0.0,0.0,0.0,0.0,0.0,0.0,0.0,0.0,0.0,0.0,0.0,0.0,0.0,0.0,2.7
208,Seth Williams,DEN,WR,1.7,20.2,0.1,0.0,0.0,0.0,0.0,0.0,0.0,0.0,0.0,0.0,0.0,0.0,0.0,0.0,0.0,0.0,0.0,0.0,0.0,0.0,2.7
209,Shi Smith,CAR,WR,1.7,20.7,0.1,0.0,0.0,0.0,0.0,0.0,0.0,0.0,0.0,0.0,0.0,0.0,0.0,0.0,0.0,0.0,0.0,0.0,0.0,0.0,2.6
124,Tanner Hudson,TB,TE,1.5,15.7,0.1,0.0,0.0,0.0,0.0,0.0,0.0,0.0,0.0,0.0,0.0,0.0,0.0,0.0,0.0,0.0,0.0,0.0,0.0,0.0,2.4
152,Jakob Johnson,NE,RB,2.3,19.0,0.0,0.0,0.0,0.0,0.0,0.0,0.0,0.0,0.0,0.0,0.0,0.0,0.0,0.0,0.0,0.0,0.0,0.0,0.0,0.0,2.2
74,Nick Mullens,PHI,QB,0.0,0.0,0.0,1.0,2.0,4.0,0.0,12.0,6.5,70.5,0.5,0.5,0.0,0.0,0.0,0.0,0.0,0.0,0.0,0.0,0.0,0.0,2.2
125,Lee Smith,ATL,TE,1.5,14.3,0.1,0.0,0.0,0.0,0.0,0.0,0.0,0.0,0.0,0.0,0.0,0.0,0.0,0.0,0.0,0.0,0.0,0.0,0.0,0.0,2.0
210,Trent Sherfield,SF,WR,1.1,14.6,0.1,0.0,0.0,0.0,0.0,0.0,0.0,0.0,0.0,0.0,0.0,0.0,0.0,0.0,0.0,0.0,0.0,0.0,0.0,0.0,1.9
126,Trevon Wesco,NYJ,TE,1.4,14.3,0.1,0.0,0.0,0.0,0.0,0.0,0.0,0.0,0.0,0.0,0.0,0.0,0.0,0.0,0.0,0.0,0.0,0.0,0.0,0.0,1.8
153,Dare Ogunbowale,JAC,RB,1.4,9.4,0.0,0.0,2.1,8.8,0.0,0.0,0.0,0.0,0.0,0.0,0.0,0.0,0.0,0.0,0.0,0.0,0.0,0.0,0.0,0.0,1.8
211,Isaiah Ford,MIA,WR,1.6,15.0,0.1,0.0,0.0,0.0,0.0,0.0,0.0,0.0,0.0,0.0,0.0,0.0,0.0,0.0,0.0,0.0,0.0,0.0,0.0,0.0,1.8
154,Jonathan Williams,WAS,RB,0.9,7.0,0.0,0.0,2.3,9.8,0.0,0.0,0.0,0.0,0.0,0.0,0.0,0.0,0.0,0.0,0.0,0.0,0.0,0.0,0.0,0.0,1.7
127,Eric Tomlinson,BAL,TE,1.2,11.7,0.1,0.0,0.0,0.0,0.0,0.0,0.0,0.0,0.0,0.0,0.0,0.0,0.0,0.0,0.0,0.0,0.0,0.0,0.0,0.0,1.6
212,Joe Reed,LAC,WR,0.8,9.4,0.0,0.0,0.9,4.8,0.0,0.0,0.0,0.0,0.0,0.0,0.0,0.0,0.0,0.0,0.0,0.0,0.0,0.0,0.0,0.0,1.4
213,Matt Cole,NYJ,WR,0.9,9.5,0.0,0.0,0.9,4.3,0.0,0.0,0.0,0.0,0.0,0.0,0.0,0.0,0.0,0.0,0.0,0.0,0.0,0.0,0.0,0.0,1.4
214,Malik Turner,DAL,WR,1.0,13.5,0.0,0.0,0.0,0.0,0.0,0.0,0.0,0.0,0.0,0.0,0.0,0.0,0.0,0.0,0.0,0.0,0.0,0.0,0.0,0.0,1.4
155,Kalen Ballage,PIT,RB,1.0,5.7,0.0,0.0,2.1,8.5,0.0,0.0,0.0,0.0,0.0,0.0,0.0,0.0,0.0,0.0,0.0,0.0,0.0,0.0,0.0,0.0,1.4
128,Codey McElroy,TB,TE,0.9,8.5,0.1,0.0,0.0,0.0,0.0,0.0,0.0,0.0,0.0,0.0,0.0,0.0,0.0,0.0,0.0,0.0,0.0,0.0,0.0,0.0,1.4
129,Isaac Nauta,GB,TE,0.8,8.4,0.1,0.0,0.0,0.0,0.0,0.0,0.0,0.0,0.0,0.0,0.0,0.0,0.0,0.0,0.0,0.0,0.0,0.0,0.0,0.0,1.3
156,Taiwan Jones,BUF,RB,0.9,7.2,0.0,0.0,1.1,4.7,0.0,0.0,0.0,0.0,0.0,0.0,0.0,0.0,0.0,0.0,0.0,0.0,0.0,0.0,0.0,0.0,1.2
216,Antonio Callaway,KC,WR,0.9,11.1,0.0,0.0,0.0,0.0,0.0,0.0,0.0,0.0,0.0,0.0,0.0,0.0,0.0,0.0,0.0,0.0,0.0,0.0,0.0,0.0,1.2
217,Damion Ratley,DET,WR,1.0,11.5,0.0,0.0,0.0,0.0,0.0,0.0,0.0,0.0,0.0,0.0,0.0,0.0,0.0,0.0,0.0,0.0,0.0,0.0,0.0,0.0,1.2
215,Trey Quinn,LV,WR,1.2,12.3,0.0,0.0,0.0,0.0,0.0,0.0,0.0,0.0,0.0,0.0,0.0,0.0,0.0,0.0,0.0,0.0,0.0,0.0,0.0,0.0,1.2
130,Kevin Rader,PIT,TE,0.9,8.7,0.0,0.0,0.0,0.0,0.0,0.0,0.0,0.0,0.0,0.0,0.0,0.0,0.0,0.0,0.0,0.0,0.0,0.0,0.0,0.0,1.1
218,Kelvin Harmon,WAS,WR,0.8,10.6,0.0,0.0,0.0,0.0,0.0,0.0,0.0,0.0,0.0,0.0,0.0,0.0,0.0,0.0,0.0,0.0,0.0,0.0,0.0,0.0,1.1
157,Elijah McGuire,KC,RB,0.9,7.2,0.0,0.0,0.9,3.5,0.0,0.0,0.0,0.0,0.0,0.0,0.0,0.0,0.0,0.0,0.0,0.0,0.0,0.0,0.0,0.0,1.1
158,C.J. Prosise,TB,RB,1.0,7.0,0.0,0.0,0.9,3.6,0.0,0.0,0.0,0.0,0.0,0.0,0.0,0.0,0.0,0.0,0.0,0.0,0.0,0.0,0.0,0.0,1.1
166,Damarea Crockett,DEN,RB,0.9,5.5,0.0,0.0,1.0,4.2,0.0,0.0,0.0,0.0,0.0,0.0,0.0,0.0,0.0,0.0,0.0,0.0,0.0,0.0,0.0,0.0,1.0
167,Jason Cabinda,DET,RB,0.9,6.1,0.0,0.0,0.8,3.5,0.0,0.0,0.0,0.0,0.0,0.0,0.0,0.0,0.0,0.0,0.0,0.0,0.0,0.0,0.0,0.0,1.0
131,Sean McKeon,DAL,TE,0.9,9.7,0.0,0.0,0.0,0.0,0.0,0.0,0.0,0.0,0.0,0.0,0.0,0.0,0.0,0.0,0.0,0.0,0.0,0.0,0.0,0.0,1.0
132,Daniel Brown,NYJ,TE,0.9,8.5,0.0,0.0,0.0,0.0,0.0,0.0,0.0,0.0,0.0,0.0,0.0,0.0,0.0,0.0,0.0,0.0,0.0,0.0,0.0,0.0,1.0
133,Tyrone Swoopes,WAS,TE,0.9,9.6,0.0,0.0,0.0,0.0,0.0,0.0,0.0,0.0,0.0,0.0,0.0,0.0,0.0,0.0,0.0,0.0,0.0,0.0,0.0,0.0,1.0
162,Jason Huntley,PHI,RB,0.9,6.0,0.0,0.0,0.9,3.9,0.0,0.0,0.0,0.0,0.0,0.0,0.0,0.0,0.0,0.0,0.0,0.0,0.0,0.0,0.0,0.0,1.0
165,Nathan Cottrell,JAC,RB,0.9,6.2,0.0,0.0,0.9,3.6,0.0,0.0,0.0,0.0,0.0,0.0,0.0,0.0,0.0,0.0,0.0,0.0,0.0,0.0,0.0,0.0,1.0
164,LeVante Bellamy,DEN,RB,0.9,5.5,0.0,0.0,1.0,4.4,0.0,0.0,0.0,0.0,0.0,0.0,0.0,0.0,0.0,0.0,0.0,0.0,0.0,0.0,0.0,0.0,1.0
163,Austin Walter,NYJ,RB,0.9,6.3,0.0,0.0,0.9,3.6,0.0,0.0,0.0,0.0,0.0,0.0,0.0,0.0,0.0,0.0,0.0,0.0,0.0,0.0,0.0,0.0,1.0
223,Isaiah Wright,WAS,WR,0.9,9.6,0.0,0.0,0.0,0.0,0.0,0.0,0.0,0.0,0.0,0.0,0.0,0.0,0.0,0.0,0.0,0.0,0.0,0.0,0.0,0.0,1.0
161,Adrian Killins Jr.,PHI,RB,0.9,6.0,0.0,0.0,0.9,3.9,0.0,0.0,0.0,0.0,0.0,0.0,0.0,0.0,0.0,0.0,0.0,0.0,0.0,0.0,0.0,0.0,1.0
160,Artavis Pierce,CHI,RB,0.9,6.3,0.0,0.0,0.9,3.8,0.0,0.0,0.0,0.0,0.0,0.0,0.0,0.0,0.0,0.0,0.0,0.0,0.0,0.0,0.0,0.0,1.0
159,Ryan Nall,CHI,RB,0.9,6.5,0.0,0.0,0.9,3.7,0.0,0.0,0.0,0.0,0.0,0.0,0.0,0.0,0.0,0.0,0.0,0.0,0.0,0.0,0.0,0.0,1.0
222,John Hightower,PHI,WR,0.7,9.6,0.0,0.0,0.0,0.0,0.0,0.0,0.0,0.0,0.0,0.0,0.0,0.0,0.0,0.0,0.0,0.0,0.0,0.0,0.0,0.0,1.0
221,Marcus Kemp,KC,WR,0.9,9.6,0.0,0.0,0.0,0.0,0.0,0.0,0.0,0.0,0.0,0.0,0.0,0.0,0.0,0.0,0.0,0.0,0.0,0.0,0.0,0.0,1.0
220,Vyncint Smith,NYJ,WR,0.9,10.1,0.0,0.0,0.0,0.0,0.0,0.0,0.0,0.0,0.0,0.0,0.0,0.0,0.0,0.0,0.0,0.0,0.0,0.0,0.0,0.0,1.0
219,DeAndre Carter,WAS,WR,0.9,10.4,0.0,0.0,0.0,0.0,0.0,0.0,0.0,0.0,0.0,0.0,0.0,0.0,0.0,0.0,0.0,0.0,0.0,0.0,0.0,0.0,1.0
224,Jason Moore,LAC,WR,0.8,9.6,0.0,0.0,0.0,0.0,0.0,0.0,0.0,0.0,0.0,0.0,0.0,0.0,0.0,0.0,0.0,0.0,0.0,0.0,0.0,0.0,1.0
172,Cullen Gillaspia,NYG,RB,0.9,5.2,0.0,0.0,0.9,3.7,0.0,0.0,0.0,0.0,0.0,0.0,0.0,0.0,0.0,0.0,0.0,0.0,0.0,0.0,0.0,0.0,0.9
227,Jake Lampman,NO,WR,0.7,9.4,0.0,0.0,0.0,0.0,0.0,0.0,0.0,0.0,0.0,0.0,0.0,0.0,0.0,0.0,0.0,0.0,0.0,0.0,0.0,0.0,0.9
244,Derrick Willies,CLE,WR,0.7,8.8,0.0,0.0,0.0,0.0,0.0,0.0,0.0,0.0,0.0,0.0,0.0,0.0,0.0,0.0,0.0,0.0,0.0,0.0,0.0,0.0,0.9
237,Marvin Hall,NE,WR,0.7,9.0,0.0,0.0,0.0,0.0,0.0,0.0,0.0,0.0,0.0,0.0,0.0,0.0,0.0,0.0,0.0,0.0,0.0,0.0,0.0,0.0,0.9
242,Darvin Kidsy,SEA,WR,0.8,8.9,0.0,0.0,0.0,0.0,0.0,0.0,0.0,0.0,0.0,0.0,0.0,0.0,0.0,0.0,0.0,0.0,0.0,0.0,0.0,0.0,0.9
171,Taquan Mizzell,NYG,RB,0.9,5.4,0.0,0.0,0.9,3.7,0.0,0.0,0.0,0.0,0.0,0.0,0.0,0.0,0.0,0.0,0.0,0.0,0.0,0.0,0.0,0.0,0.9
250,Ja'Marcus Bradley,CLE,WR,0.7,8.6,0.0,0.0,0.0,0.0,0.0,0.0,0.0,0.0,0.0,0.0,0.0,0.0,0.0,0.0,0.0,0.0,0.0,0.0,0.0,0.0,0.9
249,JoJo Natson,CLE,WR,0.7,8.6,0.0,0.0,0.0,0.0,0.0,0.0,0.0,0.0,0.0,0.0,0.0,0.0,0.0,0.0,0.0,0.0,0.0,0.0,0.0,0.0,0.9
248,River Cracraft,SF,WR,0.7,8.6,0.0,0.0,0.0,0.0,0.0,0.0,0.0,0.0,0.0,0.0,0.0,0.0,0.0,0.0,0.0,0.0,0.0,0.0,0.0,0.0,0.9
247,Dan Chisena,MIN,WR,0.7,8.7,0.0,0.0,0.0,0.0,0.0,0.0,0.0,0.0,0.0,0.0,0.0,0.0,0.0,0.0,0.0,0.0,0.0,0.0,0.0,0.0,0.9
246,Alexander Hollins,CLE,WR,0.7,8.7,0.0,0.0,0.0,0.0,0.0,0.0,0.0,0.0,0.0,0.0,0.0,0.0,0.0,0.0,0.0,0.0,0.0,0.0,0.0,0.0,0.9
243,Chad Williams,KC,WR,0.8,8.8,0.0,0.0,0.0,0.0,0.0,0.0,0.0,0.0,0.0,0.0,0.0,0.0,0.0,0.0,0.0,0.0,0.0,0.0,0.0,0.0,0.9
245,Robert Foster,MIA,WR,0.7,8.8,0.0,0.0,0.0,0.0,0.0,0.0,0.0,0.0,0.0,0.0,0.0,0.0,0.0,0.0,0.0,0.0,0.0,0.0,0.0,0.0,0.9
135,Jordan Franks,CLE,TE,0.8,8.2,0.0,0.0,0.0,0.0,0.0,0.0,0.0,0.0,0.0,0.0,0.0,0.0,0.0,0.0,0.0,0.0,0.0,0.0,0.0,0.0,0.9
134,MyCole Pruitt,SF,TE,0.9,8.5,0.0,0.0,0.0,0.0,0.0,0.0,0.0,0.0,0.0,0.0,0.0,0.0,0.0,0.0,0.0,0.0,0.0,0.0,0.0,0.0,0.9
241,KhaDarel Hodge,CLE,WR,0.7,9.0,0.0,0.0,0.0,0.0,0.0,0.0,0.0,0.0,0.0,0.0,0.0,0.0,0.0,0.0,0.0,0.0,0.0,0.0,0.0,0.0,0.9
240,Stanley Morgan Jr.,CIN,WR,0.8,9.0,0.0,0.0,0.0,0.0,0.0,0.0,0.0,0.0,0.0,0.0,0.0,0.0,0.0,0.0,0.0,0.0,0.0,0.0,0.0,0.0,0.9
238,John Ursua,SEA,WR,0.8,9.0,0.0,0.0,0.0,0.0,0.0,0.0,0.0,0.0,0.0,0.0,0.0,0.0,0.0,0.0,0.0,0.0,0.0,0.0,0.0,0.0,0.9
239,Cyril Grayson Jr.,TB,WR,0.9,9.0,0.0,0.0,0.0,0.0,0.0,0.0,0.0,0.0,0.0,0.0,0.0,0.0,0.0,0.0,0.0,0.0,0.0,0.0,0.0,0.0,0.9
236,Lawrence Cager,NYJ,WR,0.8,9.0,0.0,0.0,0.0,0.0,0.0,0.0,0.0,0.0,0.0,0.0,0.0,0.0,0.0,0.0,0.0,0.0,0.0,0.0,0.0,0.0,0.9
229,Tanner Gentry,BUF,WR,0.8,9.3,0.0,0.0,0.0,0.0,0.0,0.0,0.0,0.0,0.0,0.0,0.0,0.0,0.0,0.0,0.0,0.0,0.0,0.0,0.0,0.0,0.9
170,Trenton Cannon,CAR,RB,0.8,5.0,0.0,0.0,1.0,4.0,0.0,0.0,0.0,0.0,0.0,0.0,0.0,0.0,0.0,0.0,0.0,0.0,0.0,0.0,0.0,0.0,0.9
169,Jordan Scarlett,MIA,RB,0.9,5.3,0.0,0.0,0.9,3.9,0.0,0.0,0.0,0.0,0.0,0.0,0.0,0.0,0.0,0.0,0.0,0.0,0.0,0.0,0.0,0.0,0.9
168,Scottie Phillips,HOU,RB,0.9,5.9,0.0,0.0,0.8,3.5,0.0,0.0,0.0,0.0,0.0,0.0,0.0,0.0,0.0,0.0,0.0,0.0,0.0,0.0,0.0,0.0,0.9
225,Darrius Shepherd,KC,WR,0.9,9.5,0.0,0.0,0.0,0.0,0.0,0.0,0.0,0.0,0.0,0.0,0.0,0.0,0.0,0.0,0.0,0.0,0.0,0.0,0.0,0.0,0.9
226,Josh Malone,NYJ,WR,0.9,9.4,0.0,0.0,0.0,0.0,0.0,0.0,0.0,0.0,0.0,0.0,0.0,0.0,0.0,0.0,0.0,0.0,0.0,0.0,0.0,0.0,0.9
228,Jeff Badet,ATL,WR,0.9,9.3,0.0,0.0,0.0,0.0,0.0,0.0,0.0,0.0,0.0,0.0,0.0,0.0,0.0,0.0,0.0,0.0,0.0,0.0,0.0,0.0,0.9
230,Chris Rowland,ATL,WR,0.9,9.3,0.0,0.0,0.0,0.0,0.0,0.0,0.0,0.0,0.0,0.0,0.0,0.0,0.0,0.0,0.0,0.0,0.0,0.0,0.0,0.0,0.9
231,Keelan Doss,LV,WR,0.8,9.3,0.0,0.0,0.0,0.0,0.0,0.0,0.0,0.0,0.0,0.0,0.0,0.0,0.0,0.0,0.0,0.0,0.0,0.0,0.0,0.0,0.9
232,Riley Ridley,CHI,WR,0.8,9.2,0.0,0.0,0.0,0.0,0.0,0.0,0.0,0.0,0.0,0.0,0.0,0.0,0.0,0.0,0.0,0.0,0.0,0.0,0.0,0.0,0.9
233,Chad Hansen,DET,WR,0.9,9.2,0.0,0.0,0.0,0.0,0.0,0.0,0.0,0.0,0.0,0.0,0.0,0.0,0.0,0.0,0.0,0.0,0.0,0.0,0.0,0.0,0.9
234,Trenton Irwin,CIN,WR,0.8,9.2,0.0,0.0,0.0,0.0,0.0,0.0,0.0,0.0,0.0,0.0,0.0,0.0,0.0,0.0,0.0,0.0,0.0,0.0,0.0,0.0,0.9
235,Marcell Ateman,LV,WR,0.7,9.1,0.0,0.0,0.0,0.0,0.0,0.0,0.0,0.0,0.0,0.0,0.0,0.0,0.0,0.0,0.0,0.0,0.0,0.0,0.0,0.0,0.9
255,Cody Hollister,TEN,WR,0.7,8.0,0.0,0.0,0.0,0.0,0.0,0.0,0.0,0.0,0.0,0.0,0.0,0.0,0.0,0.0,0.0,0.0,0.0,0.0,0.0,0.0,0.8
251,Dante Pettis,NYG,WR,0.7,8.5,0.0,0.0,0.0,0.0,0.0,0.0,0.0,0.0,0.0,0.0,0.0,0.0,0.0,0.0,0.0,0.0,0.0,0.0,0.0,0.0,0.8
252,Laquon Treadwell,JAC,WR,0.8,8.4,0.0,0.0,0.0,0.0,0.0,0.0,0.0,0.0,0.0,0.0,0.0,0.0,0.0,0.0,0.0,0.0,0.0,0.0,0.0,0.0,0.8
253,Mack Hollins,MIA,WR,0.9,8.4,0.0,0.0,0.0,0.0,0.0,0.0,0.0,0.0,0.0,0.0,0.0,0.0,0.0,0.0,0.0,0.0,0.0,0.0,0.0,0.0,0.8
254,Kevin White,SF,WR,0.7,8.3,0.0,0.0,0.0,0.0,0.0,0.0,0.0,0.0,0.0,0.0,0.0,0.0,0.0,0.0,0.0,0.0,0.0,0.0,0.0,0.0,0.8
257,Tyrie Cleveland,DEN,WR,0.7,8.0,0.0,0.0,0.0,0.0,0.0,0.0,0.0,0.0,0.0,0.0,0.0,0.0,0.0,0.0,0.0,0.0,0.0,0.0,0.0,0.0,0.8
256,Fred Brown,TEN,WR,0.7,8.0,0.0,0.0,0.0,0.0,0.0,0.0,0.0,0.0,0.0,0.0,0.0,0.0,0.0,0.0,0.0,0.0,0.0,0.0,0.0,0.0,0.8
258,C.J. Board,NYG,WR,0.7,7.7,0.0,0.0,0.0,0.0,0.0,0.0,0.0,0.0,0.0,0.0,0.0,0.0,0.0,0.0,0.0,0.0,0.0,0.0,0.0,0.0,0.8
259,Brandon Zylstra,CAR,WR,0.7,7.5,0.0,0.0,0.0,0.0,0.0,0.0,0.0,0.0,0.0,0.0,0.0,0.0,0.0,0.0,0.0,0.0,0.0,0.0,0.0,0.0,0.8
138,Hakeem Butler,PHI,TE,0.8,8.3,0.0,0.0,0.0,0.0,0.0,0.0,0.0,0.0,0.0,0.0,0.0,0.0,0.0,0.0,0.0,0.0,0.0,0.0,0.0,0.0,0.8
136,Tim Tebow,JAC,TE,0.9,8.4,0.0,0.0,0.0,0.0,0.0,0.0,0.0,0.0,0.0,0.0,0.0,0.0,0.0,0.0,0.0,0.0,0.0,0.0,0.0,0.0,0.8
137,Jake Butt,CHI,TE,0.8,8.4,0.0,0.0,0.0,0.0,0.0,0.0,0.0,0.0,0.0,0.0,0.0,0.0,0.0,0.0,0.0,0.0,0.0,0.0,0.0,0.0,0.8
260,Ishmael Hyman,CAR,WR,0.7,7.4,0.0,0.0,0.0,0.0,0.0,0.0,0.0,0.0,0.0,0.0,0.0,0.0,0.0,0.0,0.0,0.0,0.0,0.0,0.0,0.0,0.7
261,Ryan Switzer,CLE,WR,0.8,7.3,0.0,0.0,0.0,0.0,0.0,0.0,0.0,0.0,0.0,0.0,0.0,0.0,0.0,0.0,0.0,0.0,0.0,0.0,0.0,0.0,0.7
262,James Proche,BAL,WR,0.7,7.0,0.0,0.0,0.0,0.0,0.0,0.0,0.0,0.0,0.0,0.0,0.0,0.0,0.0,0.0,0.0,0.0,0.0,0.0,0.0,0.0,0.7
140,Matt LaCosse,NE,TE,0.7,6.9,0.0,0.0,0.0,0.0,0.0,0.0,0.0,0.0,0.0,0.0,0.0,0.0,0.0,0.0,0.0,0.0,0.0,0.0,0.0,0.0,0.7
139,Cole Hikutini,NYG,TE,0.8,7.2,0.0,0.0,0.0,0.0,0.0,0.0,0.0,0.0,0.0,0.0,0.0,0.0,0.0,0.0,0.0,0.0,0.0,0.0,0.0,0.0,0.7
173,Tony Jones Jr.,NO,RB,0.2,0.4,0.0,0.0,0.9,0.7,0.0,0.0,0.0,0.0,0.0,0.0,0.0,0.0,0.0,0.0,0.0,0.0,0.0,0.0,0.0,0.0,0.1
33,Chase McLaughlin,CLE,K,0.0,0.0,0.0,0.0,0.0,0.0,0.0,0.0,0.0,0.0,0.0,0.0,0.0,0.0,0.0,0.0,0.0,0.0,0.0,0.0,0.0,0.0,0.0
75,Nate Sudfeld,SF,QB,0.0,0.0,0.0,0.0,0.0,0.0,0.0,0.0,0.0,0.0,0.0,0.0,0.0,0.0,0.0,0.0,0.0,0.0,0.0,0.0,0.0,0.0,0.0
91,Ben DiNucci,DAL,QB,0.0,0.0,0.0,0.0,0.0,0.0,0.0,0.0,0.0,0.0,0.0,0.0,0.0,0.0,0.0,0.0,0.0,0.0,0.0,0.0,0.0,0.0,0.0
90,Josh Rosen,SF,QB,0.0,0.0,0.0,0.0,0.0,0.0,0.0,0.0,0.0,0.0,0.0,0.0,0.0,0.0,0.0,0.0,0.0,0.0,0.0,0.0,0.0,0.0,0.0
89,Trevor Siemian,NO,QB,0.0,0.0,0.0,0.0,0.0,0.0,0.0,0.0,0.0,0.0,0.0,0.0,0.0,0.0,0.0,0.0,0.0,0.0,0.0,0.0,0.0,0.0,0.0
88,Jake Luton,JAC,QB,0.0,0.0,0.0,0.0,0.0,0.0,0.0,0.0,0.0,0.0,0.0,0.0,0.0,0.0,0.0,0.0,0.0,0.0,0.0,0.0,0.0,0.0,0.0
87,Cooper Rush,DAL,QB,0.0,0.0,0.0,0.0,0.0,0.0,0.0,0.0,0.0,0.0,0.0,0.0,0.0,0.0,0.0,0.0,0.0,0.0,0.0,0.0,0.0,0.0,0.0
86,Devlin Hodges,LAR,QB,0.0,0.0,0.0,0.0,0.0,0.0,0.0,0.0,0.0,0.0,0.0,0.0,0.0,0.0,0.0,0.0,0.0,0.0,0.0,0.0,0.0,0.0,0.0
85,C.J. Beathard,JAC,QB,0.0,0.0,0.0,0.0,0.0,0.0,0.0,0.0,0.0,0.0,0.0,0.0,0.0,0.0,0.0,0.0,0.0,0.0,0.0,0.0,0.0,0.0,0.0
84,Ryan Griffin,TB,QB,0.0,0.0,0.0,0.0,0.0,0.0,0.0,0.0,0.0,0.0,0.0,0.0,0.0,0.0,0.0,0.0,0.0,0.0,0.0,0.0,0.0,0.0,0.0
82,Joshua Dobbs,PIT,QB,0.0,0.0,0.0,0.0,0.0,0.0,0.0,0.0,0.0,0.0,0.0,0.0,0.0,0.0,0.0,0.0,0.0,0.0,0.0,0.0,0.0,0.0,0.0
81,Nick Foles,CHI,QB,0.0,0.0,0.0,0.0,0.0,0.0,0.0,0.0,0.0,0.0,0.0,0.0,0.0,0.0,0.0,0.0,0.0,0.0,0.0,0.0,0.0,0.0,0.0
80,Brett Rypien,DEN,QB,0.0,0.0,0.0,0.0,0.0,0.0,0.0,0.0,0.0,0.0,0.0,0.0,0.0,0.0,0.0,0.0,0.0,0.0,0.0,0.0,0.0,0.0,0.0
79,Nathan Peterman,LV,QB,0.0,0.0,0.0,0.0,0.0,0.0,0.0,0.0,0.0,0.0,0.0,0.0,0.0,0.0,0.0,0.0,0.0,0.0,0.0,0.0,0.0,0.0,0.0
78,DeShone Kizer,TEN,QB,0.0,0.0,0.0,0.0,0.0,0.0,0.0,0.0,0.0,0.0,0.0,0.0,0.0,0.0,0.0,0.0,0.0,0.0,0.0,0.0,0.0,0.0,0.0
77,Will Grier,CAR,QB,0.0,0.0,0.0,0.0,0.0,0.0,0.0,0.0,0.0,0.0,0.0,0.0,0.0,0.0,0.0,0.0,0.0,0.0,0.0,0.0,0.0,0.0,0.0
76,Kyle Lauletta,CLE,QB,0.0,0.0,0.0,0.0,0.0,0.0,0.0,0.0,0.0,0.0,0.0,0.0,0.0,0.0,0.0,0.0,0.0,0.0,0.0,0.0,0.0,0.0,0.0
83,Easton Stick,LAC,QB,0.0,0.0,0.0,0.0,0.0,0.0,0.0,0.0,0.0,0.0,0.0,0.0,0.0,0.0,0.0,0.0,0.0,0.0,0.0,0.0,0.0,0.0,0.0
