,Player,Team,Pos,Receptions,ReceivingYds,ReceivingTD,FL,RushingAtt,RushingYds,RushingTD,PassingAtt,PassingCmp,PassingYds,PassingTD,Int
0,Josh Allen,BUF,QB,0,0,0,5.1,110.8,519.6,7.6,605.2,400,4566.2,33.7,13.3
1,Patrick Mahomes II,KC,QB,0,0,0,2.5,55.3,267.2,2.9,630.5,419,5028,38.5,9.1
2,Kyler Murray,ARI,QB,0,0,0,3.7,125.8,698.8,7.7,591,391.4,4215.8,26.7,12.9
3,Lamar Jackson,BAL,QB,0,0,0,4,152.9,920.2,6.7,462.1,296.3,3377.8,28.6,12.2
4,Dak Prescott,DAL,QB,0,0,0,4.2,63.4,296.5,4,623.3,416.3,4847.8,31,11.1
5,Aaron Rodgers,GB,QB,0,0,0,3.1,41,174.1,1.9,571.7,385.6,4448,36.8,7.2
6,Russell Wilson,SEA,QB,0,0,0,3.5,82.8,447.2,2.1,569.9,380.1,4242.9,34.4,12.3
7,Justin Herbert,LAC,QB,0,0,0,2.6,61.2,272.9,4.4,616,400,4581.5,30.5,12
8,Tom Brady,TB,QB,0,0,0,2.2,24.5,31.7,2.1,621.2,404.4,4694.6,37.1,11.9
9,Ryan Tannehill,TEN,QB,0,0,0,2.9,51.8,229.5,3.5,527.7,348.9,4121.3,30.5,10.5
10,Jalen Hurts,PHI,QB,0,0,0,4.8,133.8,691,5.7,540,330,3728.2,22.4,14.4
0,Christian McCaffrey,CAR,RB,93.8,760.1,4.3,2.5,297.1,1301.6,12,0,0,0,0,0
11,Joe Burrow,CIN,QB,0,0,0,4.2,54.1,227.4,3,612.6,400.2,4317.2,26.5,11.8
12,Matthew Stafford,LAR,QB,0,0,0,3.2,33.3,126.4,0.7,613,405.9,4570.2,28.2,11.5
1,Dalvin Cook,MIN,RB,54.9,473.3,2,2.9,317.5,1491.6,13,0,0,0,0,0
13,Kirk Cousins,MIN,QB,0,0,0,4.1,35.4,114.4,1.1,541.6,364,4272,30.1,13
14,Trevor Lawrence,JAC,QB,0,0,0,5.2,66.9,341.7,2.3,589.4,377,4123.8,24.7,13.5
2,Derrick Henry,TEN,RB,23.8,178.6,1.1,2.7,343,1703.2,14.2,0,0,0,0,0
15,Matt Ryan,ATL,QB,0,0,0,4.3,32.7,117.4,1.4,613.7,400.9,4508.6,26.8,13
16,Baker Mayfield,CLE,QB,0,0,0,3.3,44.1,168.1,1.8,536.7,342.6,3943.4,27.9,11.4
17,Derek Carr,LV,QB,0,0,0,5.2,30.4,106.9,1.8,564.9,374.4,4309.4,26.4,10.9
18,Tua Tagovailoa,MIA,QB,0,0,0,1.7,54.4,205.9,2.7,574.1,373.8,3942.3,25.6,13.5
19,Ryan Fitzpatrick,WAS,QB,0,0,0,2.3,50.8,245.1,3,582.6,385.2,4116.8,23.4,16.6
20,Ben Roethlisberger,PIT,QB,0,0,0,2.2,20.9,45,0.5,617.4,400.3,4173,29.5,14
21,Daniel Jones,NYG,QB,0,0,0,8.5,70.3,403.2,2.6,546.8,342.3,3748,22.4,13.6
22,Sam Darnold,CAR,QB,0,0,0,3.9,50.3,219.8,3.3,556.1,350.6,3920.8,22,15
23,Trey Lance,SF,QB,0,0,0,4,77.2,391.5,3.2,436.8,283.9,3291.5,21.2,11.5
24,Zach Wilson,NYJ,QB,0,0,0,5.5,65.8,311.6,2.3,547.5,343.8,3861,21,15.7
3,Alvin Kamara,NO,RB,81,688.6,3.5,1.9,206.9,941.4,9.7,0,0,0,0,0
25,Jared Goff,DET,QB,0,0,0,4.2,39.9,89.3,1.7,579.6,371.3,4157.8,22.5,14.9
0,Tyreek Hill,KC,WR,100.2,1436.2,12.3,0.7,12.9,82.4,0.8,0,0,0,0,0
4,Jonathan Taylor,IND,RB,42.1,321,1.6,1.9,270.7,1255.3,10.9,0,0,0,0,0
5,Nick Chubb,CLE,RB,28.8,225.5,1,1.9,273.5,1371.7,11.1,0,0,0,0,0
26,Justin Fields,CHI,QB,0,0,0,5,69.7,348,2.8,467.6,298.5,3200.6,20.1,11.2
6,Saquon Barkley,NYG,RB,55.9,433.8,2,1.8,266,1203.3,9.1,0,0,0,0,0
7,Ezekiel Elliott,DAL,RB,52.8,393,2.4,2.9,281.8,1209.4,9.5,0,0,0,0,0
8,Aaron Jones,GB,RB,50.6,391.4,2.7,2.1,231.8,1123.5,10.3,0,0,0,0,0
1,Davante Adams,GB,WR,122.5,1462.6,12.8,0.8,0,0,0,0,0,0,0,0
27,Carson Wentz,IND,QB,0,0,0,5.7,53.8,235,2.6,468.5,293,3213.9,21.4,11.4
9,Joe Mixon,CIN,RB,50.4,368.5,2.9,2,274.8,1157.2,8.1,0,0,0,0,0
10,Najee Harris,PIT,RB,49.3,365.2,2.2,2.6,260.1,1141.5,8.5,0,0,0,0,0
11,Antonio Gibson,WAS,RB,45.2,328.4,1.4,2.1,242.6,1086.5,9.7,0,0,0,0,0
2,Stefon Diggs,BUF,WR,113.6,1476.6,9.2,1.2,2.4,15.6,0.1,0,0,0,0,0
12,Austin Ekeler,LAC,RB,79.3,684.4,4.6,1.6,178.2,810.6,4.7,0,0,0,0,0
0,Travis Kelce,KC,TE,112.4,1399.3,10.2,0.8,0,0,0,0,0,0,0,0
3,Calvin Ridley,ATL,WR,99.8,1422.3,8.8,0.8,4.6,26.1,0.1,0,0,0,0,0
13,Clyde Edwards-Helaire,KC,RB,50.6,389.5,2.2,1.8,222,998.8,7.3,0,0,0,0,0
28,Deshaun Watson,HOU,QB,0,0,0,2,48.5,229.3,2.6,333.9,227.9,2721.8,16,7.4
14,Chris Carson,SEA,RB,43.4,321.4,2.4,2.1,230.5,1055.6,7.4,0,0,0,0,0
15,J.K. Dobbins,BAL,RB,31.8,241.1,1.2,1.6,212,1076.3,9.4,0,0,0,0,0
16,David Montgomery,CHI,RB,39.4,312.2,1.6,2,253.5,1061.2,7.9,0,0,0,0,0
4,DeAndre Hopkins,ARI,WR,122.1,1468.3,7.7,1.5,0.9,4.4,0,0,0,0,0,0
17,Josh Jacobs,LV,RB,31.5,236.5,0.9,2,251.2,1073.2,9.5,0,0,0,0,0
18,Miles Sanders,PHI,RB,40.7,333.8,1.7,1.8,223,1067.6,6.8,0,0,0,0,0
5,D.K. Metcalf,SEA,WR,86.6,1300.7,9.9,1.4,0.3,1.3,0,0,0,0,0,0
19,Darrell Henderson,LAR,RB,32.4,270,1.6,1.8,237,1032.2,8.2,0,0,0,0,0
6,Justin Jefferson,MIN,WR,93.5,1391.7,7.9,0.8,0.4,1.5,0,0,0,0,0,0
29,Cam Newton,NE,QB,0,0,0,1.8,81.7,354.2,5.7,303.6,198.4,2188,12.7,9.6
7,A.J. Brown,TEN,WR,84.5,1268.4,9.8,0.9,0.5,7.5,0,0,0,0,0,0
20,D'Andre Swift,DET,RB,58.7,435.2,2.1,2.3,189.9,843.7,7.7,0,0,0,0,0
30,Jameis Winston,NO,QB,0,0,0,3.9,38.1,160.8,0.9,383,248,2790.2,18.9,12.7
8,Keenan Allen,LAC,WR,111.3,1209.3,7.9,1,3,16.3,0.1,0,0,0,0,0
9,Mike Evans,TB,WR,76.1,1114,9.4,0.7,0,0,0,0,0,0,0,0
21,Mike Davis,ATL,RB,48.8,311.4,1.7,1.9,221.8,877.3,6.5,0,0,0,0,0
10,Allen Robinson II,CHI,WR,98.6,1227.7,7,0.7,0.3,0.3,0,0,0,0,0,0
11,Terry McLaurin,WAS,WR,91.6,1235.2,6.5,0.7,1.8,12.1,0.1,0,0,0,0,0
12,Amari Cooper,DAL,WR,90.4,1195.9,7.2,0.7,2.6,11.7,0,0,0,0,0,0
13,Robert Woods,LAR,WR,98,1088.2,6,0.8,17,106.2,0.9,0,0,0,0,0
14,Adam Thielen,MIN,WR,79.5,1021,9.2,0.7,3.2,14.6,0.3,0,0,0,0,0
1,George Kittle,SF,TE,96.6,1204.5,6.6,0.7,0,0,0,0,0,0,0,0
22,Chase Edmonds,ARI,RB,51.6,378.6,2.9,1.5,169,753.1,5,0,0,0,0,0
15,CeeDee Lamb,DAL,WR,83.9,1090.4,6.6,0.8,8.4,61.2,0.6,0,0,0,0,0
2,Darren Waller,LV,TE,100.3,1144.8,7.1,0.9,0,0,0,0,0,0,0,0
17,Julio Jones,TEN,WR,78.7,1115.2,7.3,0.7,0.5,-0.5,0,0,0,0,0,0
16,Tyler Lockett,SEA,WR,92.4,1051.3,8.3,0.7,1.1,2.7,0,0,0,0,0,0
23,Myles Gaskin,MIA,RB,43.2,338.2,1.8,1.9,189.8,805.1,5.4,0,0,0,0,0
18,D.J. Moore,CAR,WR,83.2,1198.8,5.4,0.8,3.1,20.1,0.1,0,0,0,0,0
19,Cooper Kupp,LAR,WR,93,1068.4,7.1,0.7,3.9,23.6,0.1,0,0,0,0,0
20,Chris Godwin,TB,WR,82.1,1067.8,7.5,0.8,0.3,2,0,0,0,0,0,0
24,Kareem Hunt,CLE,RB,39,314,2.5,1.3,155.7,689.4,5.6,0,0,0,0,0
21,Courtland Sutton,DEN,WR,74.3,1055.4,6.7,0.8,1.7,9.4,0,0,0,0,0,0
25,Travis Etienne,JAC,RB,61.5,487,2.4,1.9,135.9,606.9,4,0,0,0,0,0
24,Tee Higgins,CIN,WR,79.2,1058.4,6.4,0.8,2.3,12.4,0,0,0,0,0,0
23,Odell Beckham Jr.,CLE,WR,71.1,994,6.5,0.7,5.7,50.9,0.3,0,0,0,0,0
22,Kenny Golladay,NYG,WR,71.3,1055.9,6.6,0.7,0,0,0,0,0,0,0,0
26,Damien Harris,NE,RB,11.5,87.7,0.3,1.4,212.3,998.9,5.9,0,0,0,0,0
27,Raheem Mostert,SF,RB,23.9,207,1.3,1.4,158.4,787.5,6.3,0,0,0,0,0
25,Ja'Marr Chase,CIN,WR,73.2,1058.2,6.1,1.2,1.5,8.2,0,0,0,0,0,0
0,Harrison Butker,KC,K,0,0,0,0,0,0,0,0,0,0,0,0
26,Brandon Aiyuk,SF,WR,72.1,915.2,6.3,0.7,14.6,82.4,0.7,0,0,0,0,0
1,Justin Tucker,BAL,K,0,0,0,0,0,0,0,0,0,0,0,0
28,Javonte Williams,DEN,RB,25.9,202.7,1.1,2,188.2,835.2,5.5,0,0,0,0,0
29,James Robinson,JAC,RB,30.4,217.4,1,1.5,183.3,801.5,5.6,0,0,0,0,0
27,Chase Claypool,PIT,WR,69.6,892.2,6.8,0.9,8.3,44.3,0.6,0,0,0,0,0
28,Diontae Johnson,PIT,WR,93.9,981.1,6.3,1.4,4.4,27.4,0.1,0,0,0,0,0
29,Brandin Cooks,HOU,WR,75.2,1050.9,5.3,0.7,0.8,6.8,0,0,0,0,0,0
31,Drew Lock,DEN,QB,0,0,0,2.9,34.7,136.7,1.3,319.7,188,2154.3,13.5,9.9
30,D.J. Chark Jr.,JAC,WR,72.7,969.1,6.2,0.6,0.3,3.3,0,0,0,0,0,0
3,Mark Andrews,BAL,TE,70.6,853.9,8.2,0.9,0,0,0,0,0,0,0,0
2,Tyler Bass,BUF,K,0,0,0,0,0,0,0,0,0,0,0,0
3,Greg Zuerlein,DAL,K,0,0,0,0,0,0,0,0,0,0,0,0
32,Taysom Hill,NO,QB,0,0,0,3.4,74.5,390.3,4.5,183.4,122.4,1282.4,7.6,4.9
31,Deebo Samuel,SF,WR,70.5,898.5,4.7,0.8,13.5,99.2,0.7,0,0,0,0,0
32,Robby Anderson,CAR,WR,80.4,991.3,5.2,0.8,2.5,12.3,0.1,0,0,0,0,0
33,Tyrod Taylor,HOU,QB,0,0,0,1.1,30.2,142.5,1.2,281.3,172.7,1959.6,10.3,5.3
33,JuJu Smith-Schuster,PIT,WR,89.3,902,6.7,0.9,0,0,0,0,0,0,0,0
34,Michael Gallup,DAL,WR,64.2,942.3,5.9,0.6,0,0,0,0,0,0,0,0
35,Jerry Jeudy,DEN,WR,68.9,981.3,5.2,0.8,0,0,0,0,0,0,0,0
4,Jason Myers,SEA,K,0,0,0,0,0,0,0,0,0,0,0,0
5,Jason Sanders,MIA,K,0,0,0,0,0,0,0,0,0,0,0,0
6,Ryan Succop,TB,K,0,0,0,0,0,0,0,0,0,0,0,0
30,Leonard Fournette,TB,RB,28,191.3,0.8,1.2,164.3,673.4,6.2,0,0,0,0,0
7,Younghoe Koo,ATL,K,0,0,0,0,0,0,0,0,0,0,0,0
31,Zack Moss,BUF,RB,24.5,176.5,1.2,1.2,159.3,683.5,5.7,0,0,0,0,0
8,Rodrigo Blankenship,IND,K,0,0,0,0,0,0,0,0,0,0,0,0
36,Marquise Brown,BAL,WR,61.1,825.3,7,0.6,1.5,8,0,0,0,0,0,0
9,Mason Crosby,GB,K,0,0,0,0,0,0,0,0,0,0,0,0
10,Robbie Gould,SF,K,0,0,0,0,0,0,0,0,0,0,0,0
37,Tyler Boyd,CIN,WR,83,923.2,5.2,0.8,2.1,15.7,0,0,0,0,0,0
11,Matt Gay,LAR,K,0,0,0,0,0,0,0,0,0,0,0,0
38,Mike Williams,LAC,WR,56,915.7,5.5,0.6,0.3,0.5,0,0,0,0,0,0
12,Cody Parkey,CLE,K,0,0,0,0,0,0,0,0,0,0,0,0
13,Daniel Carlson,LV,K,0,0,0,0,0,0,0,0,0,0,0,0
32,Melvin Gordon III,DEN,RB,21.6,140.6,1,2.4,168.8,743.2,5.5,0,0,0,0,0
14,Matt Prater,ARI,K,0,0,0,0,0,0,0,0,0,0,0,0
15,Graham Gano,NYG,K,0,0,0,0,0,0,0,0,0,0,0,0
39,Laviska Shenault Jr.,JAC,WR,71.9,790.9,5,0.7,19.2,106.5,0.5,0,0,0,0,0
16,Michael Badgley,LAC,K,0,0,0,0,0,0,0,0,0,0,0,0
40,Jarvis Landry,CLE,WR,73.5,885,5.1,0.8,1.9,9.9,0.3,0,0,0,0,0
41,Curtis Samuel,WAS,WR,62.4,734.9,4.8,0.7,24.7,128.6,1.1,0,0,0,0,0
4,Kyle Pitts,ATL,TE,69.8,843.2,6.4,1.2,0,0,0,0,0,0,0,0
17,Sam Ficken,TEN,K,0,0,0,0,0,0,0,0,0,0,0,0
18,Tucker McCann,TEN,K,0,0,0,0,0,0,0,0,0,0,0,0
0,Tampa Bay Buccaneers,Tampa Bay Buccaneers,DST,0,0,0,0,0,0,0,0,0,0,0,0
33,Ronald Jones II,TB,RB,16,113.8,0.3,1.4,164.9,740.5,5.7,0,0,0,0,0
20,Greg Joseph,MIN,K,0,0,0,0,0,0,0,0,0,0,0,0
19,Cairo Santos,CHI,K,0,0,0,0,0,0,0,0,0,0,0,0
21,Nick Folk,NE,K,0,0,0,0,0,0,0,0,0,0,0,0
22,Brandon McManus,DEN,K,0,0,0,0,0,0,0,0,0,0,0,0
34,Trey Sermon,SF,RB,19.5,158.2,1,1.8,145,658.3,5.4,0,0,0,0,0
42,DeVonta Smith,PHI,WR,63.3,890,4.8,1.2,1,6.2,0,0,0,0,0,0
35,James Conner,ARI,RB,22.9,160.5,0.7,1.4,145.5,653,5.5,0,0,0,0,0
1,Pittsburgh Steelers,Pittsburgh Steelers,DST,0,0,0,0,0,0,0,0,0,0,0,0
23,Evan McPherson,CIN,K,0,0,0,0,0,0,0,0,0,0,0,0
24,Ka'imi Fairbairn,HOU,K,0,0,0,0,0,0,0,0,0,0,0,0
43,Will Fuller V,MIA,WR,66.5,848.4,5.3,0.6,0,0,0,0,0,0,0,0
44,DeVante Parker,MIA,WR,65.4,832.5,5.5,0.7,0,0,0,0,0,0,0,0
2,Los Angeles Rams,Los Angeles Rams,DST,0,0,0,0,0,0,0,0,0,0,0,0
34,Teddy Bridgewater,DEN,QB,0,0,0,0.7,24.9,108.7,1.5,235.2,153,1727.5,10.3,6.8
25,Chris Boswell,PIT,K,0,0,0,0,0,0,0,0,0,0,0,0
45,T.Y. Hilton,IND,WR,62.5,827.1,5.4,0.6,0,0,0,0,0,0,0,0
46,Michael Thomas,NO,WR,71.8,856.6,4.9,0.7,0.3,-0.8,0,0,0,0,0,0
5,T.J. Hockenson,DET,TE,75.4,835.7,5.2,0.8,0,0,0,0,0,0,0,0
47,Marvin Jones Jr.,JAC,WR,63,799.8,5.7,0.6,0.3,0,0,0,0,0,0,0
36,Gus Edwards,BAL,RB,10.7,91.4,0.3,1.3,152.1,738.8,5.1,0,0,0,0,0
26,Joey Slye,CAR,K,0,0,0,0,0,0,0,0,0,0,0,0
37,David Johnson,HOU,RB,34.4,308.2,2,0.9,118.3,495.3,3.7,0,0,0,0,0
38,Michael Carter,NYJ,RB,30.5,234.5,1.1,1.8,151.6,633.3,3.8,0,0,0,0,0
3,Washington Football Team,Washington Football Team,DST,0,0,0,0,0,0,0,0,0,0,0,0
27,Dustin Hopkins,WAS,K,0,0,0,0,0,0,0,0,0,0,0,0
4,Indianapolis Colts,Indianapolis Colts,DST,0,0,0,0,0,0,0,0,0,0,0,0
28,Randy Bullock,DET,K,0,0,0,0,0,0,0,0,0,0,0,0
39,Kenyan Drake,LV,RB,35.1,247.5,0.8,1.4,135.2,562.2,4.6,0,0,0,0,0
29,Josh Lambo,JAC,K,0,0,0,0,0,0,0,0,0,0,0,0
48,Corey Davis,NYJ,WR,67.3,873.5,3.8,0.8,0,0,0,0,0,0,0,0
5,Baltimore Ravens,Baltimore Ravens,DST,0,0,0,0,0,0,0,0,0,0,0,0
49,Mecole Hardman,KC,WR,52.4,732.1,5.5,1.7,6.4,43.8,0.1,0,0,0,0,0
6,Philadelphia Eagles,Philadelphia Eagles,DST,0,0,0,0,0,0,0,0,0,0,0,0
40,Jamaal Williams,DET,RB,35.5,240.9,1.2,1.2,139.9,574.5,3.5,0,0,0,0,0
7,Seattle Seahawks,Seattle Seahawks,DST,0,0,0,0,0,0,0,0,0,0,0,0
8,Buffalo Bills,Buffalo Bills,DST,0,0,0,0,0,0,0,0,0,0,0,0
41,AJ Dillon,GB,RB,15.2,116.8,0.5,1.4,141.8,646.4,4.8,0,0,0,0,0
9,New Orleans Saints,New Orleans Saints,DST,0,0,0,0,0,0,0,0,0,0,0,0
10,Arizona Cardinals,Arizona Cardinals,DST,0,0,0,0,0,0,0,0,0,0,0,0
11,New England Patriots,New England Patriots,DST,0,0,0,0,0,0,0,0,0,0,0,0
12,Miami Dolphins,Miami Dolphins,DST,0,0,0,0,0,0,0,0,0,0,0,0
13,Dallas Cowboys,Dallas Cowboys,DST,0,0,0,0,0,0,0,0,0,0,0,0
14,Kansas City Chiefs,Kansas City Chiefs,DST,0,0,0,0,0,0,0,0,0,0,0,0
15,Carolina Panthers,Carolina Panthers,DST,0,0,0,0,0,0,0,0,0,0,0,0
50,Antonio Brown,TB,WR,61.5,686.9,6,0.6,2,11.4,0,0,0,0,0,0
51,Darnell Mooney,CHI,WR,64.7,768.3,4.5,0.7,2.7,15.5,0,0,0,0,0,0
16,Green Bay Packers,Green Bay Packers,DST,0,0,0,0,0,0,0,0,0,0,0,0
17,Cleveland Browns,Cleveland Browns,DST,0,0,0,0,0,0,0,0,0,0,0,0
30,Austin Seibert,CIN,K,0,0,0,0,0,0,0,0,0,0,0,0
42,Latavius Murray,NO,RB,24.8,177.6,1,1.2,138,584.5,4,0,0,0,0,0
18,San Francisco 49ers,San Francisco 49ers,DST,0,0,0,0,0,0,0,0,0,0,0,0
52,Jaylen Waddle,MIA,WR,57.1,764.6,4.7,1.2,1,5.6,0,0,0,0,0,0
53,Breshad Perriman,DET,WR,53.3,774.9,4,0.1,1.7,9.9,0,0,0,0,0,0
54,Henry Ruggs III,LV,WR,49.2,758.7,4.1,1.7,7.6,42,0.1,0,0,0,0,0
19,Denver Broncos,Denver Broncos,DST,0,0,0,0,0,0,0,0,0,0,0,0
20,New York Giants,New York Giants,DST,0,0,0,0,0,0,0,0,0,0,0,0
55,Michael Pittman Jr.,IND,WR,57.7,753.2,4,0.7,3.4,22.7,0,0,0,0,0,0
31,Jake Elliott,PHI,K,0,0,0,0,0,0,0,0,0,0,0,0
56,Tyrell Williams,DET,WR,53.6,774.8,4,0.7,0,0,0,0,0,0,0,0
6,Robert Tonyan,GB,TE,55.6,609.2,6.4,0.1,0,0,0,0,0,0,0,0
57,Cole Beasley,BUF,WR,64,739,4.4,0.6,0,0,0,0,0,0,0,0
58,Emmanuel Sanders,BUF,WR,57.1,697.1,5,0.6,1.1,6.7,0.1,0,0,0,0,0
7,Tyler Higbee,LAR,TE,60.9,680.6,5.3,0.6,0,0,0,0,0,0,0,0
21,Los Angeles Chargers,Los Angeles Chargers,DST,0,0,0,0,0,0,0,0,0,0,0,0
43,Phillip Lindsay,HOU,RB,24.3,157,0.4,1.2,139,611.4,3.6,0,0,0,0,0
22,Atlanta Falcons,Atlanta Falcons,DST,0,0,0,0,0,0,0,0,0,0,0,0
59,Nelson Agholor,NE,WR,51.3,724.1,4.4,0.7,0.3,1.3,0,0,0,0,0,0
44,Devin Singletary,BUF,RB,30.7,215.9,1.2,1.3,120.7,536.4,2.9,0,0,0,0,0
8,Logan Thomas,WAS,TE,64.9,666.9,5.3,0.6,0,0,0,0,0,0,0,0
45,Tony Pollard,DAL,RB,30.6,225.1,1.3,1.2,110.7,494.9,3.2,0,0,0,0,0
60,Russell Gage,ATL,WR,66.6,724.5,4.1,0.6,1.3,6.1,0,0,0,0,0,0
61,Jalen Reagor,PHI,WR,53.8,724.1,3.8,0.7,3.1,17.5,0.1,0,0,0,0,0
23,Minnesota Vikings,Minnesota Vikings,DST,0,0,0,0,0,0,0,0,0,0,0,0
62,Tre'Quan Smith,NO,WR,44.4,633.4,5.3,0.1,0.3,0.5,0,0,0,0,0,0
9,Noah Fant,DEN,TE,62.2,692.3,4.5,0.7,0,0,0,0,0,0,0,0
10,Dallas Goedert,PHI,TE,61.7,679.7,4.7,0.7,0,0,0,0,0,0,0,0
24,Chicago Bears,Chicago Bears,DST,0,0,0,0,0,0,0,0,0,0,0,0
35,Mac Jones,NE,QB,0,0,0,1.2,18.6,68.8,0.9,217.8,136.5,1536,8.9,6.2
63,Elijah Moore,NYJ,WR,59.3,715.3,3.7,0.4,0.7,4.2,0,0,0,0,0,0
25,Tennessee Titans,Tennessee Titans,DST,0,0,0,0,0,0,0,0,0,0,0,0
64,Gabriel Davis,BUF,WR,42.7,630.5,5,0.1,0.3,0,0,0,0,0,0,0
11,Mike Gesicki,MIA,TE,55.3,618.6,5.3,0.7,0,0,0,0,0,0,0,0
26,New York Jets,New York Jets,DST,0,0,0,0,0,0,0,0,0,0,0,0
12,Irv Smith Jr.,MIN,TE,52.6,582.1,5.6,0.7,0,0,0,0,0,0,0,0
27,Jacksonville Jaguars,Jacksonville Jaguars,DST,0,0,0,0,0,0,0,0,0,0,0,0
28,Las Vegas Raiders,Las Vegas Raiders,DST,0,0,0,0,0,0,0,0,0,0,0,0
32,Matt Ammendola,NYJ,K,0,0,0,0,0,0,0,0,0,0,0,0
46,J.D. McKissic,WAS,RB,56.4,410.1,1.7,0.8,65.7,283.9,1.5,0,0,0,0,0
13,Jared Cook,LAC,TE,46,575.9,5.1,0.6,0,0,0,0,0,0,0,0
65,A.J. Green,ARI,WR,51.7,633.8,4.2,0.7,0,0,0,0,0,0,0,0
14,Rob Gronkowski,TB,TE,41.1,536.8,5.6,0.2,0,0,0,0,0,0,0,0
47,Tevin Coleman,NYJ,RB,17.9,136.2,0.3,1.2,133,515.1,3.6,0,0,0,0,0
48,Malcolm Brown,MIA,RB,17.1,114.5,0.4,0.8,118.5,469.7,4.6,0,0,0,0,0
66,Rondale Moore,ARI,WR,54.2,664.7,3.6,1.2,1.1,6.1,0,0,0,0,0,0
67,Sterling Shepard,NYG,WR,60.6,617.6,3.5,0.6,3.3,26.1,0.3,0,0,0,0,0
68,Randall Cobb,GB,WR,50.6,612.6,4.1,0.7,1.5,7.6,0,0,0,0,0,0
49,Nyheim Hines,IND,RB,49.9,371.5,2.2,1.2,60.4,261.2,1.9,0,0,0,0,0
50,James White,NE,RB,51.8,418.9,2.3,1.2,51.8,211.8,1.7,0,0,0,0,0
29,Detroit Lions,Detroit Lions,DST,0,0,0,0,0,0,0,0,0,0,0,0
51,Alexander Mattison,MIN,RB,16.2,132.8,0.6,0.7,115.5,519.5,2.7,0,0,0,0,0
30,Houston Texans,Houston Texans,DST,0,0,0,0,0,0,0,0,0,0,0,0
15,Jonnu Smith,NE,TE,54.6,570.8,4.7,0.7,0,0,0,0,0,0,0,0
31,Cincinnati Bengals,Cincinnati Bengals,DST,0,0,0,0,0,0,0,0,0,0,0,0
16,Blake Jarwin,DAL,TE,50.9,574.7,4.2,0.7,0,0,0,0,0,0,0,0
33,Brett Maher,NO,K,0,0,0,0,0,0,0,0,0,0,0,0
17,Eric Ebron,PIT,TE,55.4,546.3,4.5,0.7,0,0,0,0,0,0,0,0
18,Hunter Henry,NE,TE,53.2,576.6,3.9,0.6,0,0,0,0,0,0,0,0
69,Jamison Crowder,NYJ,WR,53.1,594.6,3.6,0.6,0.3,3.3,0,0,0,0,0,0
70,Terrace Marshall Jr.,CAR,WR,46.7,608.7,3.5,1.1,0.5,2.8,0,0,0,0,0,0
71,Christian Kirk,ARI,WR,45,544.8,3.8,0.6,3.9,26.9,0,0,0,0,0,0
19,Anthony Firkser,TEN,TE,51,545.9,4.2,0.1,0,0,0,0,0,0,0,0
72,DeSean Jackson,LAR,WR,35.6,561.9,3.6,0.6,2.8,17.1,0.1,0,0,0,0,0
20,Adam Trautman,NO,TE,50.5,552.6,4.1,0.7,0,0,0,0,0,0,0,0
21,Evan Engram,NYG,TE,57.5,582.6,3.6,0.7,0,0,0,0,0,0,0,0
73,Parris Campbell,IND,WR,45.4,549.6,3.4,0.4,4.8,30.1,0.2,0,0,0,0,0
36,Davis Mills,HOU,QB,0,0,0,1.4,13,55.3,0.6,191.2,119,1368.1,6.8,5.1
74,Jakobi Meyers,NE,WR,47.9,610.7,2.9,0.4,0.8,4.1,0,0,0,0,0,0
75,Rashod Bateman,BAL,WR,41.1,543.4,4.1,0.6,0.8,4.8,0,0,0,0,0,0
76,Darius Slayton,NYG,WR,42.3,570.6,3.5,0.6,0.8,2.6,0,0,0,0,0,0
77,Allen Lazard,GB,WR,40.8,551.4,3.7,0.6,1.3,9.7,0,0,0,0,0,0
78,Marquez Callaway,NO,WR,44.4,540.3,3.4,0.3,0,0,0,0,0,0,0,0
22,Austin Hooper,CLE,TE,48.7,487.3,4.4,0.6,0,0,0,0,0,0,0,0
79,John Brown,LV,WR,40.2,547.5,3.3,0.6,0.3,1,0,0,0,0,0,0
52,Xavier Jones,LAR,RB,14,112,0.6,1.2,96.4,397.7,3.4,0,0,0,0,0
53,Rashaad Penny,SEA,RB,13.8,108.3,0.7,0.7,86.7,404.7,3,0,0,0,0,0
54,Darrel Williams,KC,RB,20.2,149.1,0.7,0.6,79.3,331.9,3.2,0,0,0,0,0
23,Zach Ertz,PHI,TE,49.9,507,3.5,0.6,0,0,0,0,0,0,0,0
55,Darrynton Evans,TEN,RB,18.2,152.3,1.3,1.2,75.3,336.1,2.5,0,0,0,0,0
80,Van Jefferson,LAR,WR,39.3,475.2,3.3,0.1,1.4,5.8,0,0,0,0,0,0
24,Cole Kmet,CHI,TE,48.3,482.5,3.7,1.2,0,0,0,0,0,0,0,0
81,Bryan Edwards,LV,WR,37.8,494.8,3.1,0.2,0,0,0,0,0,0,0,0
37,Jimmy Garoppolo,SF,QB,0,0,0,1.2,11.4,24.9,0.4,143.3,97.7,1139.2,6.7,3.6
82,Hunter Renfrow,LV,WR,42.5,510.4,2.9,0.6,0,0,0,0,0,0,0,0
56,Justin Jackson,LAC,RB,17.3,122.4,0.4,0.6,92.3,422.1,1.9,0,0,0,0,0
57,Tarik Cohen,CHI,RB,45.1,307.2,1.5,1.2,53.4,219.8,1.2,0,0,0,0,0
83,Anthony Miller,HOU,WR,41.9,499.4,2.7,0.7,2.2,10.3,0.1,0,0,0,0,0
58,Sony Michel,NE,RB,7.6,66.4,0.4,0.6,94.7,419.3,2.8,0,0,0,0,0
59,Damien Williams,CHI,RB,19.6,140,1.2,0.6,69.5,292.4,2.8,0,0,0,0,0
84,Sammy Watkins,BAL,WR,36.9,454.3,3.5,0.6,0.8,7.5,0,0,0,0,0,0
25,Gerald Everett,SEA,TE,42,432.7,3.9,0.6,0,0,0,0,0,0,0,0
85,Nico Collins,HOU,WR,36,485.7,2.8,0.3,0,0,0,0,0,0,0,0
86,Josh Reynolds,TEN,WR,36.1,469.6,3.1,0.6,0.8,4.5,0,0,0,0,0,0
60,Giovani Bernard,TB,RB,35.8,272.1,1.7,0.6,55.6,201.5,1.4,0,0,0,0,0
87,Marquez Valdes-Scantling,GB,WR,25.7,438.2,3.3,0.6,2.5,14.8,0,0,0,0,0,0
26,Jordan Akins,HOU,TE,44.4,470,2.8,0.1,0,0,0,0,0,0,0,0
88,Chris Conley,HOU,WR,34.7,489.2,2.6,0.6,0,0,0,0,0,0,0,0
89,Keelan Cole Sr.,NYJ,WR,37,475.9,2.6,0.5,0,0,0,0,0,0,0,0
90,Denzel Mims,NYJ,WR,33.7,477.7,2.3,0.1,0.3,0.8,0,0,0,0,0,0
91,James Washington,PIT,WR,33.3,451.7,2.9,0.6,0,0,0,0,0,0,0,0
61,Ty Johnson,NYJ,RB,15.3,104.6,0.6,0.3,76.6,331.5,2.2,0,0,0,0,0
92,Amon-Ra St. Brown,DET,WR,38.1,461.1,2.3,0.2,0,0,0,0,0,0,0,0
93,Rashard Higgins,CLE,WR,28.8,432.1,2.9,0.6,0,0,0,0,0,0,0,0
62,Qadree Ollison,ATL,RB,10.4,83.4,0.6,0.7,82.1,312.7,2.9,0,0,0,0,0
94,Demarcus Robinson,KC,WR,34.2,410.8,3.2,0.6,0,0,0,0,0,0,0,0
27,Dawson Knox,BUF,TE,33.4,384.2,3.5,0.6,0,0,0,0,0,0,0,0
28,Hayden Hurst,ATL,TE,38.5,405.3,2.9,0.1,0,0,0,0,0,0,0,0
95,D'Wayne Eskridge,SEA,WR,33.1,403.8,2.8,0.2,1.5,8.1,0.1,0,0,0,0,0
63,Boston Scott,PHI,RB,21.6,170.8,0.7,0.7,60.4,255.5,2,0,0,0,0,0
96,Zach Pascal,IND,WR,28.2,382.7,3.1,0,0.3,2,0,0,0,0,0,0
34,Wil Lutz,NO,K,0,0,0,0,0,0,0,0,0,0,0,0
97,Geronimo Allison,DET,WR,38.9,419.4,2.3,0,0,0,0,0,0,0,0,0
29,C.J. Uzomah,CIN,TE,36.8,357.9,3.3,0.1,0,0,0,0,0,0,0,0
98,Jalen Guyton,LAC,WR,26.5,406.5,2.2,0.1,2,7.9,0.1,0,0,0,0,0
99,KJ Hamler,DEN,WR,30.2,361.5,2.4,0.6,8.8,43.9,0.2,0,0,0,0,0
38,Andy Dalton,CHI,QB,0,0,0,0.8,9.5,30.3,0.1,134.2,84.6,924.6,5.3,3.2
100,Josh Palmer,LAC,WR,28.9,396.8,2.4,0.6,0.7,4,0,0,0,0,0,0
64,Marlon Mack,IND,RB,8.7,62.2,0.2,0.6,73.7,315.5,2.6,0,0,0,0,0
65,Devontae Booker,NYG,RB,11.8,78.1,0.2,0.7,77.8,329.3,2,0,0,0,0,0
66,Joshua Kelley,LAC,RB,9.3,66.6,0.2,1.2,90.4,338.4,2.2,0,0,0,0,0
30,Jack Doyle,IND,TE,32.6,336.6,3,0.1,0,0,0,0,0,0,0,0
101,Kadarius Toney,NYG,WR,29.6,353.4,1.9,0.3,6.6,39.9,0.2,0,0,0,0,0
102,Tim Patrick,DEN,WR,28.5,375.3,2.5,0.6,0,0,0,0,0,0,0,0
103,Olamide Zaccheaus,ATL,WR,27,394.4,2,0.1,0.3,1.4,0,0,0,0,0,0
31,Will Dissly,SEA,TE,30.2,317.5,3,0.1,0,0,0,0,0,0,0,0
32,Chris Herndon IV,NYJ,TE,35.5,357.1,2.8,1.6,0,0,0,0,0,0,0,0
33,Donald Parham Jr.,LAC,TE,28,339.2,2.5,0.1,0,0,0,0,0,0,0,0
39,Jacob Eason,IND,QB,0,0,0,0.3,9,40.9,0.5,111.7,68.7,755,4.6,3.4
104,Preston Williams,MIA,WR,24.5,314.7,2.9,0.6,0,0,0,0,0,0,0,0
105,Keke Coutee,HOU,WR,32.6,382.3,2,2.2,0.5,2.8,0.3,0,0,0,0,0
67,Wayne Gallman,SF,RB,10.2,77.8,0.5,0.7,55.2,242.9,2.4,0,0,0,0,0
106,Kendrick Bourne,NE,WR,28.6,363,1.9,0.1,0,0,0,0,0,0,0,0
34,Mo Alie-Cox,IND,TE,31.5,340.6,2.4,0.6,0,0,0,0,0,0,0,0
68,Mark Ingram II,HOU,RB,11.9,98.8,0.7,0.6,57.8,237,1.8,0,0,0,0,0
35,O.J. Howard,TB,TE,26.7,338.9,2.5,0.7,0,0,0,0,0,0,0,0
107,Mohamed Sanu,SF,WR,33.9,352.2,2.1,0.5,1.3,5.7,0,0,0,0,0,0
70,Cordarrelle Patterson,ATL,RB,14,123.4,0.7,0.2,49.2,225.2,1.4,0,0,0,0,0
69,Rhamondre Stevenson,NE,RB,9.7,73.3,0.4,1.1,61.3,266.6,2.1,0,0,0,0,0
71,Chuba Hubbard,CAR,RB,10.6,86,0.4,1.1,61.8,261,2,0,0,0,0,0
36,Dan Arnold,CAR,TE,27.2,342.2,2.3,0.7,0,0,0,0,0,0,0,0
108,Deonte Harris,NO,WR,27.5,311.3,1.6,0.2,7.3,47.8,0.1,0,0,0,0,0
72,Rex Burkhead,HOU,RB,16.7,157.6,1.3,0.6,35.8,150.7,1.4,0,0,0,0,0
109,Tyron Johnson,LAC,WR,19.9,311.3,2.1,0.1,2.3,13,0,0,0,0,0,0
73,DeeJay Dallas,SEA,RB,16.7,122.7,0.9,0.6,47.3,188.9,1.5,0,0,0,0,0
74,Kyle Juszczyk,SF,RB,21.9,230.3,2,0.7,13.9,52.6,0.7,0,0,0,0,0
75,Salvon Ahmed,MIA,RB,11.4,76.3,0.4,0.3,57.8,241.7,1.5,0,0,0,0,0
110,Dyami Brown,WAS,WR,23.3,324.6,1.8,0.2,0,0,0,0,0,0,0,0
111,Adam Humphries,WAS,WR,30.3,330.9,1.6,0.1,0,0,0,0,0,0,0,0
112,Richie James Jr.,SF,WR,23.8,364.3,1.5,2.1,0.8,0,0,0,0,0,0,0
113,Byron Pringle,KC,WR,22.6,290.2,2,0.2,0,0,0,0,0,0,0,0
37,David Njoku,CLE,TE,23.4,252.8,2.6,0,0,0,0,0,0,0,0,0
114,Quintez Cephus,DET,WR,23.9,316.6,1.5,0.2,0,0,0,0,0,0,0,0
76,Jake Funk,LAR,RB,9.4,75.4,0.3,0.2,44.4,184.8,2.1,0,0,0,0,0
38,Stephen Carlson,CLE,TE,20,218,3,0,0,0,0,0,0,0,0,0
39,Jimmy Graham,CHI,TE,23.2,242.7,2.6,0.1,0,0,0,0,0,0,0,0
77,Trayveon Williams,CIN,RB,14.1,113,0.5,1.5,48,205.3,1.3,0,0,0,0,0
40,Jacob Hollister,BUF,TE,29.1,264,2.3,0.6,0,0,0,0,0,0,0,0
78,Kenneth Gainwell,PHI,RB,11.4,89.5,0.4,1.1,46,210.7,1.4,0,0,0,0,0
115,Damiere Byrd,CHI,WR,26.7,304.7,1.5,0.6,0.3,2,0,0,0,0,0,0
41,Tyler Conklin,MIN,TE,25.4,267.1,2,0.1,0,0,0,0,0,0,0,0
116,Travis Fulgham,PHI,WR,22.4,290.2,1.6,0.1,0,0,0,0,0,0,0,0
79,Samaje Perine,CIN,RB,9.1,61.6,0.2,0.1,50.8,214.7,1.5,0,0,0,0,0
80,Peyton Barber,WAS,RB,5,33,0.1,0.6,59.2,209.5,2.2,0,0,0,0,0
81,Benny Snell Jr.,PIT,RB,6.4,43.4,0.1,0.6,60,222.4,1.8,0,0,0,0,0
117,Scotty Miller,TB,WR,17,244.7,1.8,0.1,1.4,7.7,0.1,0,0,0,0,0
42,Dalton Schultz,DAL,TE,23.4,243.7,2,0.1,0,0,0,0,0,0,0,0
119,Tutu Atwell,LAR,WR,21.3,276.9,1.4,0.2,0,0,0,0,0,0,0,0
118,Isaiah McKenzie,BUF,WR,18.9,200.7,1.9,0.1,5.7,28.5,0.2,0,0,0,0,0
82,Mike Boone,DEN,RB,6.4,43.4,0.1,0.6,47,223.6,1.5,0,0,0,0,0
43,Maxx Williams,ARI,TE,21.3,236,2,0.1,0,0,0,0,0,0,0,0
120,Isaiah Coulter,HOU,WR,18.3,275.6,1.5,1,1,4,0,0,0,0,0,0
121,Auden Tate,CIN,WR,20.7,261.7,1.4,0.1,0,0,0,0,0,0,0,0
83,Javian Hawkins,ATL,RB,4.6,35.4,0.1,0.2,50.3,206.9,1.6,0,0,0,0,0
44,Nick Boyle,BAL,TE,23.2,215.8,2.1,0,0,0,0,0,0,0,0,0
84,Jeff Wilson Jr.,SF,RB,2.5,26.5,0.5,1,39.5,170,2,0,0,0,0,0
85,Matt Breida,BUF,RB,9.6,76.3,0.4,1.1,42.8,189.2,1,0,0,0,0,0
86,Carlos Hyde,JAC,RB,6.3,36.6,0.1,0.6,52.6,213.4,1.4,0,0,0,0,0
87,Brandon Bolden,NE,RB,4.9,48.8,0.6,0,19.4,98.7,2.3,0,0,0,0,0
122,Donovan Peoples-Jones,CLE,WR,17.1,225.6,1.6,0.1,0,0,0,0,0,0,0,0
45,Kyle Rudolph,NYG,TE,23.1,212.2,1.8,0.1,0,0,0,0,0,0,0,0
123,Amari Rodgers,GB,WR,18,221.4,1.3,0.1,2,12.4,0.1,0,0,0,0,0
46,Geoff Swaim,TEN,TE,22.6,211.3,1.7,0.1,0,0,0,0,0,0,0,0
47,Cameron Brate,TB,TE,22,206.1,1.8,0,0,0,0,0,0,0,0,0
48,Drew Sample,CIN,TE,24.6,232,1.4,0.6,0,0,0,0,0,0,0,0
88,Johnny Stanton,CLE,RB,9,70,1,0,20,100,1,0,0,0,0,0
49,James O'Shaughnessy,JAC,TE,23.2,228.7,1,0.1,0,0,0,0,0,0,0,0
50,Darren Fells,DET,TE,18.2,188.5,1.6,0,0,0,0,0,0,0,0,0
89,Larry Rountree III,LAC,RB,4.6,34.9,0.2,0.2,36.8,154.6,1.4,0,0,0,0,0
51,Harrison Bryant,CLE,TE,18.2,196.2,1.8,1.1,0,0,0,0,0,0,0,0
52,Foster Moreau,LV,TE,13.9,152.1,2.1,0.1,0,0,0,0,0,0,0,0
90,Jalen Richard,LV,RB,16.3,129.1,0.5,0.6,23.7,103.6,0.5,0,0,0,0,0
124,Collin Johnson,JAC,WR,17.9,212.9,1.1,0.1,0,0,0,0,0,0,0,0
125,Greg Ward,PHI,WR,21.1,208.9,1.2,0.2,0,0,0,0,0,0,0,0
127,Devin Duvernay,BAL,WR,17,188.1,1.2,0.1,1.7,11.7,0,0,0,0,0,0
126,N'Keal Harry,NE,WR,15.4,187,1.3,0.1,0.9,5.6,0,0,0,0,0,0
128,Bisi Johnson,MIN,WR,16.4,188.2,1.3,0,0,0,0,0,0,0,0,0
91,Brian Hill,TEN,RB,5.3,37.3,0.2,0.2,36,171.2,0.7,0,0,0,0,0
130,Marquise Goodwin,CHI,WR,15,197.9,1,0.1,0,0,0,0,0,0,0,0
129,Dez Fitzpatrick,TEN,WR,15.4,200.3,1,0.1,0,0,0,0,0,0,0,0
53,Pharaoh Brown,HOU,TE,16.5,178.6,1.3,0.1,0,0,0,0,0,0,0,0
131,Freddie Swain,SEA,WR,14,175.7,1.4,0.1,0,0,0,0,0,0,0,0
132,Ty Montgomery,NO,WR,14.8,155.3,1,0.1,8.5,39,0.1,0,0,0,0,0
54,Ryan Izzo,HOU,TE,12.9,212.9,1,1,0,0,0,0,0,0,0,0
92,Kerryon Johnson,PHI,RB,4.1,33.3,0.2,0.2,34,141.6,1.2,0,0,0,0,0
55,Tyler Kroft,NYJ,TE,14.7,149.2,1.7,0.1,0,0,0,0,0,0,0,0
56,Pat Freiermuth,PIT,TE,19.8,178.1,1.3,0.5,0,0,0,0,0,0,0,0
93,Jermar Jefferson,DET,RB,10.6,78.6,0.1,0.1,27.9,113.8,0.8,0,0,0,0,0
57,Adam Shaheen,MIA,TE,15.4,157.2,1.8,1,0,0,0,0,0,0,0,0
58,Hunter Long,MIA,TE,18.6,175.7,1.3,0.5,0,0,0,0,0,0,0,0
59,Albert Okwuegbunam,DEN,TE,15.4,161.2,1.3,0.1,0,0,0,0,0,0,0,0
133,Phillip Dorsett II,JAC,WR,14.2,172.7,1.1,0.1,0,0,0,0,0,0,0,0
94,Elijah Mitchell,SF,RB,5.7,51.5,0.2,0.1,26.8,124.1,0.8,0,0,0,0,0
95,La'Mical Perine,NYJ,RB,4.4,31.5,0.2,0.2,32.6,137.2,1,0,0,0,0,0
60,Ian Thomas,CAR,TE,17.7,157.2,1.3,0,0,0,0,0,0,0,0,0
134,David Moore,CAR,WR,11.7,160.7,1,0.1,1.2,7.7,0,0,0,0,0,0
96,Jaylen Samuels,PIT,RB,7.8,51.7,0.3,0.1,26.5,111,0.6,0,0,0,0,0
135,Willie Snead IV,LV,WR,14.4,167.8,0.9,0.1,0,0,0,0,0,0,0,0
97,Ito Smith,ARI,RB,5.7,39.1,0.2,0.2,26.7,112.2,1,0,0,0,0,0
61,Chris Manhertz,JAC,TE,15.9,158.4,1,0,0,0,0,0,0,0,0,0
98,Devonta Freeman,NO,RB,9.7,78,0.5,0.1,18.1,73.3,0.5,0,0,0,0,0
62,Marcedes Lewis,GB,TE,11.5,121.4,1.4,0,0,0,0,0,0,0,0,0
63,Noah Gray,KC,TE,14.4,146.7,1.1,0.5,0,0,0,0,0,0,0,0
64,Matt Sokol,LAC,TE,13,140,1,0,0,0,0,0,0,0,0,0
65,Reggie Gilliam,BUF,TE,11,77,2,0,0,0,0,0,0,0,0,0
99,Raymond Calais,LAR,RB,4.6,35.4,0.2,0.1,23.1,97.6,0.8,0,0,0,0,0
66,Brevin Jordan,HOU,TE,12.8,131.3,1.2,0.5,0,0,0,0,0,0,0,0
136,Dede Westbrook,MIN,WR,12,127.7,1,0.1,0.7,3.6,0,0,0,0,0,0
67,Kahale Warring,HOU,TE,13.4,138.4,0.9,0,0,0,0,0,0,0,0,0
68,Kyle Markway,LAR,TE,13,130,1,0,0,0,0,0,0,0,0,0
100,Anthony McFarland Jr.,PIT,RB,5.7,45,0.1,0.6,30.3,116.2,0.5,0,0,0,0,0
69,Jacob Harris,LAR,TE,10.7,136.9,0.8,0,0,0,0,0,0,0,0,0
71,Thaddeus Moss,CIN,TE,13,121,1,0,0,0,0,0,0,0,0,0
70,Juwan Johnson,NO,TE,11.1,127.2,0.9,0.1,0,0,0,0,0,0,0,0
101,Jerick McKinnon,KC,RB,6.8,48.2,0.2,0.1,21.5,95,0.4,0,0,0,0,0
137,Andy Isabella,ARI,WR,11,136.6,0.7,0,0,0,0,0,0,0,0,0
72,Ryan Griffin,NYJ,TE,11.3,106.6,1.2,0,0,0,0,0,0,0,0,0
138,Christian Blake,ATL,WR,12.5,146.4,0.5,0.1,0,0,0,0,0,0,0,0
73,Kylen Granson,IND,TE,13.1,136.5,0.7,0.1,0,0,0,0,0,0,0,0
139,Lynn Bowden Jr.,MIA,WR,10.8,98.8,0.2,0.1,10.2,49.3,0.2,0,0,0,0,0
140,Ray-Ray McCloud,PIT,WR,11.3,113.2,0.7,0.2,3,19.2,0.1,0,0,0,0,0
74,Darrell Daniels,ARI,TE,11.3,121.8,0.9,0.1,0,0,0,0,0,0,0,0
76,Hunter Bryant,DET,TE,10.4,122.8,0.8,0,0,0,0,0,0,0,0,0
75,Ross Dwelley,SF,TE,11.4,120.1,0.9,0,0,0,0,0,0,0,0,0
141,Miles Boykin,BAL,WR,9.1,123.5,0.7,0.1,0.8,4.9,0,0,0,0,0,0
77,Devin Asiasi,NE,TE,10.4,117,1.1,0.5,0,0,0,0,0,0,0,0
78,Brycen Hopkins,LAR,TE,12.5,127.8,0.7,0.1,0,0,0,0,0,0,0,0
142,Cedrick Wilson,DAL,WR,9.7,126.8,0.7,0.1,0,0,0,0,0,0,0,0
40,Kyle Trask,TB,QB,0,0,0,0.2,1.3,5,0,34.5,21.3,246.3,1.9,0.7
79,Durham Smythe,MIA,TE,13.1,108,1,0,0,0,0,0,0,0,0,0
143,Chris Moore,HOU,WR,10.5,120.8,0.7,0,0,0,0,0,0,0,0,0
80,Austin Fort,DEN,TE,10,102,1,0,0,0,0,0,0,0,0,0
102,Chris Evans,CIN,RB,4.4,32.8,0.2,0.1,24.4,96.9,0.4,0,0,0,0,0
81,Derek Carrier,LV,TE,10,92,1.2,0,0,0,0,0,0,0,0,0
82,Luke Farrell,JAC,TE,13.8,130,0.7,0.5,0,0,0,0,0,0,0,0
103,Justice Hill,BAL,RB,4.3,30.9,0.1,0.1,19.1,87.8,0.6,0,0,0,0,0
83,Caleb Wilson,WAS,TE,10,97,1,0,0,0,0,0,0,0,0,0
41,Jeff Driskel,HOU,QB,0,0,0,0.2,3.4,18.1,0.2,33.8,21.1,243.7,1.3,0.8
84,John Bates,WAS,TE,12.4,119.1,0.8,0.5,0,0,0,0,0,0,0,0
104,Demetric Felton,CLE,RB,2.5,20.6,0,0,18.7,90.2,0.7,0,0,0,0,0
144,Javon Wims,CHI,WR,9.6,122.4,0.5,0.1,0,0,0,0,0,0,0,0
42,Taylor Heinicke,WAS,QB,0,0,0,0.2,5.7,22.8,0.1,37.2,23.5,257.1,1.3,1.4
105,Kylin Hill,GB,RB,3.7,27.8,0.1,0.1,25.2,101.9,0.3,0,0,0,0,0
85,Jace Sternberger,GB,TE,9.6,88.5,1,0,0,0,0,0,0,0,0,0
145,Tyler Johnson,TB,WR,8,102.3,0.8,0,0,0,0,0,0,0,0,0
43,Mason Rudolph,PIT,QB,0,0,0,0.2,2.8,9.4,0.1,35.7,22,242.7,1.4,0.9
146,Jamal Agnew,JAC,WR,6.8,75.4,0.4,0.1,6.2,34,0.2,0,0,0,0,0
147,Jeff Smith,NYJ,WR,9.6,107.1,0.6,0,0,0,0,0,0,0,0,0
44,Jacoby Brissett,MIA,QB,0,0,0,0.3,4.3,14.1,0.2,32,20.1,227,1.1,0.5
148,Noah Brown,DAL,WR,8.6,106.1,0.6,0.1,0,0,0,0,0,0,0,0
86,Blake Bell,KC,TE,10,94.9,0.7,0,0,0,0,0,0,0,0,0
106,Ameer Abdullah,MIN,RB,6.2,43.8,0.4,0,15.4,68.7,0.1,0,0,0,0,0
149,Cameron Batson,TEN,WR,7.2,80,0.6,0.1,2.5,14.9,0.1,0,0,0,0,0
45,Phillip Walker,CAR,QB,0,0,0,0.5,2,6.1,0.1,39.6,25.1,287.3,1,1
150,Chad Beebe,MIN,WR,7.9,96.1,0.7,0.1,0,0,0,0,0,0,0,0
151,Andre Roberts,HOU,WR,7.8,101.5,0.5,0,0,0,0,0,0,0,0,0
107,JaMycal Hasty,SF,RB,2.6,18.1,0.1,0,15.7,80.5,0.5,0,0,0,0,0
152,Cam Sims,WAS,WR,7.6,102.8,0.5,0,0,0,0,0,0,0,0,0
108,Jeremy McNichols,TEN,RB,3.6,22.8,0,0,19.4,87.4,0.3,0,0,0,0,0
109,Reggie Bonnafon,CAR,RB,2.3,17.7,0,0,19.2,87.9,0.4,0,0,0,0,0
153,KeeSean Johnson,ARI,WR,7.7,88.8,0.7,0,0,0,0,0,0,0,0,0
154,Mike Thomas,CIN,WR,7.5,93.7,0.6,0.1,0,0,0,0,0,0,0,0
110,Jaret Patterson,WAS,RB,2.2,18.1,0.1,0.1,16.7,69.5,0.6,0,0,0,0,0
111,Rico Dowdle,DAL,RB,3.3,26.5,0.1,0,15.5,64.6,0.5,0,0,0,0,0
112,Trey Edmunds,PIT,RB,3.9,25.8,0.2,0,14.8,64,0.4,0,0,0,0,0
46,James Morgan,NYJ,QB,0,0,0,0.2,1.5,5.6,0,31.6,19.4,215.7,1.3,1.2
155,Frank Darby,ATL,WR,7.3,92.4,0.5,0,0,0,0,0,0,0,0,0
87,Jordan Thomas,IND,TE,8.3,74,0.7,0,0,0,0,0,0,0,0,0
113,Travis Homer,SEA,RB,4.2,30.5,0.1,0.1,15.5,65.7,0.3,0,0,0,0,0
156,Chris Hogan,NO,WR,6.3,84.7,0.6,0,0,0,0,0,0,0,0,0
159,Kalif Raymond,DET,WR,7.5,101.1,0.3,0.1,0,0,0,0,0,0,0,0
157,Alex Erickson,HOU,WR,7.9,92.6,0.4,0.1,0,0,0,0,0,0,0,0
158,Penny Hart,SEA,WR,6.3,73.8,0.5,0,1.8,9.3,0,0,0,0,0,0
115,Ke'Shawn Vaughn,TB,RB,2.3,16.5,0.1,0,15,63.6,0.5,0,0,0,0,0
114,Jordan Howard,PHI,RB,1,7.7,0,0,17.6,68.6,0.7,0,0,0,0,0
160,Anthony Schwartz,CLE,WR,6.8,82.4,0.6,0,0,0,0,0,0,0,0,0
88,Nick Vannett,NO,TE,7.3,80.1,0.6,0,0,0,0,0,0,0,0,0
118,Jordan Wilkins,IND,RB,1.7,12.6,0.1,0,14.6,71.2,0.4,0,0,0,0,0
117,Gerrid Doaks,MIA,RB,4.4,32.8,0.1,0.1,12.2,50.9,0.4,0,0,0,0,0
116,D'Ernest Johnson,CLE,RB,2.3,16.9,0,0.1,18.2,77.9,0.4,0,0,0,0,0
47,Trace McSorley,BAL,QB,0,0,0,0.1,4.4,19.2,0.1,24,14.8,166.5,1,0.7
119,Eno Benjamin,ARI,RB,2.3,18.6,0,0,16.4,70.7,0.3,0,0,0,0,0
120,Gary Brightwell,NYG,RB,3,22,0,0,20,88,0,0,0,0,0,0
121,Royce Freeman,DEN,RB,3.2,20,0.1,0,14.3,59.9,0.4,0,0,0,0,0
161,Juwan Johnson,NO,WR,7.8,103.7,0.1,0,0,0,0,0,0,0,0,0
122,D'Onta Foreman,ATL,RB,1.4,10,0,0,16.8,70.6,0.4,0,0,0,0,0
48,Kellen Mond,MIN,QB,0,0,0,0.1,1.7,7.7,0.1,20.9,13.2,152.1,1.1,0.4
91,Evan Baylis,KC,TE,6.9,72,0.6,0,0,0,0,0,0,0,0,0
89,Tre' McKitty,LAC,TE,7.7,81.6,0.4,0,0,0,0,0,0,0,0,0
90,Tommy Sweeney,BUF,TE,6,75.5,0.5,0,0,0,0,0,0,0,0,0
50,Marcus Mariota,LV,QB,0,0,0,0.1,4.5,24,0.1,21.4,13.4,151.9,0.8,0.7
49,Joe Flacco,PHI,QB,0,0,0,0.7,2.4,9.8,0.1,30.4,19.1,202.8,1,0.7
162,DaeSean Hamilton,DEN,WR,7.3,75.2,0.5,0,0,0,0,0,0,0,0,0
92,J.P. Holtz,CHI,TE,5.9,73.3,0.5,0,0,0,0,0,0,0,0,0
51,Gardner Minshew II,JAC,QB,0,0,0,0.6,2.4,12.6,0,24.2,16.1,169,1.1,0.5
93,Jeremy Sprinkle,DAL,TE,6.9,71.4,0.5,0,0,0,0,0,0,0,0,0
163,Steven Sims Jr.,WAS,WR,6,75.2,0.4,0,0,0,0,0,0,0,0,0
94,Tommy Tremble,CAR,TE,8.6,85.4,0.4,0.5,0,0,0,0,0,0,0,0
52,Sam Ehlinger,IND,QB,0,0,0,0,2,7,0,31,17,180,1,1
123,Alec Ingold,LV,RB,6.6,54.5,0.3,0.1,4.4,18.8,0.2,0,0,0,0,0
124,Patrick Ricard,BAL,RB,8.8,58.4,0.8,0.5,0.9,1.4,0,0,0,0,0,0
164,Nick Westbrook-Ikhine,TEN,WR,5.3,70.4,0.4,0,0,0,0,0,0,0,0,0
125,C.J. Ham,MIN,RB,5.9,49.8,0.3,0.1,4.8,20,0.2,0,0,0,0,0
53,Tim Boyle,DET,QB,0,0,0,0,2.7,3.3,0,26.3,16.3,181,0.7,0.3
126,Kene Nwangwu,MIN,RB,2.4,17.8,0,0,16.3,65.8,0.2,0,0,0,0,0
165,Jalen Hurd,SF,WR,3.3,41.3,0.3,0.1,4.7,28.8,0.2,0,0,0,0,0
96,Richard Rodgers,PHI,TE,5,65.7,0.5,0,0,0,0,0,0,0,0,0
127,Tony Brooks-James,PIT,RB,0.9,6.3,0,0,15.5,65.4,0.4,0,0,0,0,0
167,Albert Wilson,MIA,WR,6,61.9,0.4,0,1.6,8.8,0,0,0,0,0,0
166,Antonio Gandy-Golden,WAS,WR,4.9,64.9,0.4,0,1,5.8,0,0,0,0,0,0
95,Daniel Brown,NYJ,TE,5.4,63.7,0.5,0,0,0,0,0,0,0,0,0
128,Alex Collins,SEA,RB,1.4,10.7,0.1,0.2,12.5,52.6,0.5,0,0,0,0,0
54,Mitchell Trubisky,BUF,QB,0,0,0,0.1,3.6,15.2,0.1,18.3,12.1,134.5,0.9,0.7
97,Noah Togiai,IND,TE,6.4,60.9,0.5,0,0,0,0,0,0,0,0,0
168,John Ross,NYG,WR,4.3,56.6,0.5,0.1,0.7,3.9,0,0,0,0,0,0
55,Chad Henne,KC,QB,0,0,0,0.1,1.3,5.8,0,21.2,13.2,151.9,0.7,0.2
98,Charlie Woerner,SF,TE,5.4,63.9,0.4,0,0,0,0,0,0,0,0,0
99,Stephen Anderson,LAC,TE,5.3,65.6,0.4,0,0,0,0,0,0,0,0,0
56,Brian Lewerke,NYG,QB,0,0,0,0,1,4,0,17,10,107,1,0
100,Johnny Mundt,LAR,TE,5.3,57,0.5,0,0,0,0,0,0,0,0,0
101,Antony Auclair,HOU,TE,4.9,54.5,0.5,0,0,0,0,0,0,0,0,0
102,Zach Gentry,PIT,TE,6.1,54.9,0.5,0,0,0,0,0,0,0,0,0
129,Khalil Herbert,CHI,RB,2.8,22,0.1,0.1,9.7,40.3,0.3,0,0,0,0,0
57,John Wolford,LAR,QB,0,0,0,0.1,1.8,9.1,0,22,13.7,150.9,0.6,0.4
103,Jesse James,CHI,TE,6.1,51.4,0.5,0,0,0,0,0,0,0,0,0
169,Tajae Sharpe,ATL,WR,4.7,58.7,0.4,0,0,0,0,0,0,0,0,0
58,Garrett Gilbert,DAL,QB,0,0,0,0.1,1.5,6.2,0,20.2,12.6,143,0.6,0.4
170,Shi Smith,CAR,WR,5.1,62.6,0.3,0,0,0,0,0,0,0,0,0
59,Geno Smith,SEA,QB,0,0,0,0.2,1.3,2.5,0,17.4,11,121.9,0.9,0.3
60,Brandon Allen,CIN,QB,0,0,0,0.1,1.3,5.1,0,20.9,13.2,143.5,0.6,0.5
130,Ty Montgomery,NO,RB,3.4,23.9,0,0,14.5,51,0,0,0,0,0,0
171,Lil'Jordan Humphrey,NO,WR,4.2,54.7,0.3,0,0,0,0,0,0,0,0,0
61,Jordan Love,GB,QB,0,0,0,0.1,0.7,3.1,0,15.5,9.6,107.7,0.9,0.3
172,Diontae Spencer,DEN,WR,3.6,40.2,0.2,0,2.4,13.6,0.1,0,0,0,0,0
62,Chase Daniel,LAC,QB,0,0,0,0.1,1.5,5.8,0,18.3,11.6,131,0.6,0.5
104,Colby Parkinson,SEA,TE,4.2,44,0.5,0,0,0,0,0,0,0,0,0
63,Ian Book,NO,QB,0,0,0,0,1,4,0,17,12,118,1,1
105,Josh Oliver,BAL,TE,4.3,44.2,0.4,0,0,0,0,0,0,0,0,0
131,Andrew Beck,DEN,RB,4.1,28.1,0.2,0,4.9,21.2,0.2,0,0,0,0,0
132,Alex Armah,NO,RB,4,33.2,0.2,0.1,4.2,17.4,0.2,0,0,0,0,0
106,Josiah Deguara,GB,TE,4.3,47.1,0.4,0.1,0,0,0,0,0,0,0,0
173,Cornell Powell,KC,WR,3.8,48.5,0.3,0,0,0,0,0,0,0,0,0
176,Ihmir Smith-Marsette,MIN,WR,4.6,60.7,0.1,0,0,0,0,0,0,0,0,0
175,Victor Bolden Jr.,DET,WR,4.6,52.1,0.3,0,0,0,0,0,0,0,0,0
174,Simi Fehoko,DAL,WR,3.9,50.6,0.3,0,0,0,0,0,0,0,0,0
177,Tylan Wallace,BAL,WR,3.5,45.7,0.3,0,0,0,0,0,0,0,0,0
178,Isaiah Hodgins,BUF,WR,3.7,46.9,0.3,0,0,0,0,0,0,0,0,0
133,Buddy Howell,HOU,RB,4.1,28.8,0.2,0,4.1,17.5,0.2,0,0,0,0,0
64,Chris Streveler,ARI,QB,0,0,0,0.2,1.6,6.7,0.1,15.9,9.4,105.5,0.6,0.5
179,Jaelon Darden,TB,WR,4.2,48,0.3,0,0,0,0,0,0,0,0,0
134,Alfred Morris,NYG,RB,1.5,10.4,0,0.1,9.1,37.8,0.3,0,0,0,0,0
65,Tyler Huntley,BAL,QB,0,0,0,0,3,16,0,9.5,6,67.5,0.5,0
66,Blaine Gabbert,TB,QB,0,0,0,0,1.3,5.3,0,16,9.7,110,0.3,0
182,Greg Dortch,ARI,WR,4.1,46.9,0.3,0,0,0,0,0,0,0,0,0
181,Quez Watkins,PHI,WR,3.7,48.9,0.2,0,0,0,0,0,0,0,0,0
180,Marcus Johnson,TEN,WR,3.6,43.6,0.3,0,0,0,0,0,0,0,0,0
107,Ben Ellefson,JAC,TE,4.2,41.9,0.3,0,0,0,0,0,0,0,0,0
108,Demetrius Harris,ARI,TE,3.8,39.2,0.4,0,0,0,0,0,0,0,0,0
67,AJ McCarron,ATL,QB,0,0,0,0.2,0.5,2.2,0,15.6,9.9,111.1,0.6,0.4
183,Riley Ridley,CHI,WR,3.8,45.4,0.3,0,0,0,0,0,0,0,0,0
184,Trent Sherfield,SF,WR,3.5,45.5,0.3,0,0,0,0,0,0,0,0,0
68,Matt Barkley,TEN,QB,0,0,0,0.2,0.4,1.4,0,13.3,8.4,98.3,0.7,0.3
109,Luke Stocker,TEN,TE,3.9,37.8,0.4,0.1,0,0,0,0,0,0,0,0
135,Nick Bellore,SEA,RB,4.4,31.5,0.3,0,1.5,6.7,0,0,0,0,0,0
185,Jakeem Grant Sr.,MIA,WR,3.2,35.1,0.2,0,1.5,8.4,0,0,0,0,0,0
136,Gabe Nabers,LAC,RB,3.2,25,0.2,0.1,3.3,14.4,0.1,0,0,0,0,0
187,Gunner Olszewski,NE,WR,2.8,33.8,0.2,0,1.8,9.7,0.1,0,0,0,0,0
69,Mike Glennon,NYG,QB,0,0,0,0.6,1.2,5.6,0,18.6,11.7,124.7,0.6,0.4
186,Chester Rogers,TEN,WR,3.9,38,0.3,0,0,0,0,0,0,0,0,0
70,David Blough,DET,QB,0,0,0,0.2,0.6,2.5,0,15.5,9.4,105.4,0.5,0.4
137,Keith Smith,ATL,RB,3.4,26.1,0.2,0.1,3.2,13.7,0.1,0,0,0,0,0
188,Zay Jones,LV,WR,3.3,37.3,0.3,0,0,0,0,0,0,0,0,0
189,Trent Taylor,CIN,WR,3.9,40,0.2,0,0,0,0,0,0,0,0,0
190,Dazz Newsome,CHI,WR,3.3,42.6,0.2,0,0,0,0,0,0,0,0,0
138,Kalen Ballage,PIT,RB,1.8,11.7,0,0.1,7,27.8,0.2,0,0,0,0,0
71,Colt McCoy,ARI,QB,0,0,0,0,1.5,8,0,12,8,84.5,0.5,0.5
110,Mason Schreck,CIN,TE,3.5,36.4,0.3,0,0,0,0,0,0,0,0,0
111,Alize Mack,DET,TE,4.1,39.4,0.2,0,0,0,0,0,0,0,0,0
139,Antonio Williams,BUF,RB,0.3,2.8,0,0,9,37.4,0.2,0,0,0,0,0
112,Tyree Jackson,PHI,TE,3.5,36.2,0.2,0,0,0,0,0,0,0,0,0
72,Dwayne Haskins,PIT,QB,0,0,0,0,1.5,5,0,14,8.5,84.5,0.5,0.5
140,Andy Janovich,CLE,RB,3.9,32.6,0.2,0,1,4.3,0,0,0,0,0,0
141,Darwin Thompson,KC,RB,1.8,13.8,0,0,6.6,26.1,0.1,0,0,0,0,0
142,Trenton Cannon,CAR,RB,2.5,19.2,0.1,0,4.1,17,0.1,0,0,0,0,0
73,Logan Woodside,TEN,QB,0,0,0,0,2.5,7,0,6,4,45,0.5,0
143,Derek Watt,PIT,RB,1.7,12.2,0.1,0,4.3,18.1,0.2,0,0,0,0,0
74,Case Keenum,CLE,QB,0,0,0,0.6,0.9,3.6,0,13,8.1,92.2,0.6,0.4
191,Marcus Kemp,KC,WR,2.4,30.5,0.2,0,0,0,0,0,0,0,0,0
144,Ben Mason,BAL,RB,3.5,27.7,0.2,0,0,0,0,0,0,0,0,0
147,J.J. Taylor,NE,RB,2.3,17.8,0.1,0,2.8,12.1,0.1,0,0,0,0,0
145,Michael Burton,KC,RB,1.8,14.8,0.1,0,3.3,14,0.1,0,0,0,0,0
146,Josh Adams,NYJ,RB,0.9,6,0,0,5.2,22.5,0.2,0,0,0,0,0
192,Devin Funchess,GB,WR,2,26,0.2,0,0,0,0,0,0,0,0,0
113,Dominique Dafney,GB,TE,2.4,25.7,0.2,0,0,0,0,0,0,0,0,0
114,Lee Smith,ATL,TE,2.6,25,0.2,0,0,0,0,0,0,0,0,0
115,Sean McKeon,DAL,TE,2.6,26.7,0.2,0,0,0,0,0,0,0,0,0
194,Kawaan Baker,NO,WR,1.9,25.8,0.1,0,0,0,0,0,0,0,0,0
193,Isaac Whitney,ARI,WR,2.1,24.1,0.2,0,0,0,0,0,0,0,0,0
116,Jordan Franks,CLE,TE,2.1,23.5,0.2,0,0,0,0,0,0,0,0,0
196,Terry Godwin,JAC,WR,2,22.5,0.2,0,0,0,0,0,0,0,0,0
195,Justin Watson,TB,WR,1.9,23.3,0.2,0,0,0,0,0,0,0,0,0
198,Brandon Powell,BUF,WR,2,21.8,0.2,0,0,0,0,0,0,0,0,0
75,Jarrett Stidham,NE,QB,0,0,0,0,1.5,3,0,7,4.5,47.5,0.5,0.5
197,J.J. Arcega-Whiteside,PHI,WR,1.6,23.3,0.2,0,0,0,0,0,0,0,0,0
148,Corey Clement,NYG,RB,0.5,3.6,0,0,4.2,17.7,0.2,0,0,0,0,0
117,Trevon Wesco,NYJ,TE,2.3,24.3,0.1,0,0,0,0,0,0,0,0,0
119,Eric Saubert,DEN,TE,2.3,22.7,0.1,0,0,0,0,0,0,0,0,0
118,Cethan Carter,MIA,TE,2.5,24.2,0.1,0,0,0,0,0,0,0,0,0
120,Kaden Smith,NYG,TE,2.5,22.1,0.1,0,0,0,0,0,0,0,0,0
150,Devine Ozigbo,JAC,RB,1.5,11.6,0,0,2.9,12.3,0.1,0,0,0,0,0
149,Dexter Williams,GB,RB,0.4,3.1,0,0,4.4,18.6,0.2,0,0,0,0,0
199,K.J. Hill Jr.,LAC,WR,1.4,16.7,0.1,0,1,6.2,0,0,0,0,0,0
200,Braxton Berrios,NYJ,WR,1.5,17.4,0.1,0,1,5.8,0,0,0,0,0,0
152,Elijhaa Penny,NYG,RB,1.5,10.9,0,0,2.5,10.3,0.1,0,0,0,0,0
151,Dwayne Washington,NO,RB,1.5,11.6,0,0,2.6,10.9,0.1,0,0,0,0,0
201,Allen Hurns,MIA,WR,1.6,16.7,0.2,0,0,0,0,0,0,0,0,0
121,Ricky Seals-Jones,WAS,TE,1.5,18.3,0.2,0,0,0,0,0,0,0,0,0
203,Mike Strachan,IND,WR,1.6,20.5,0.1,0,0,0,0,0,0,0,0,0
153,Khari Blasingame,TEN,RB,2.3,19.4,0.1,0,0.5,2.1,0,0,0,0,0,0
205,Equanimeous St. Brown,GB,WR,1.3,17.1,0.2,0,0,0,0,0,0,0,0,0
204,Dezmon Patmon,IND,WR,1.6,20.5,0.1,0,0,0,0,0,0,0,0,0
206,Travis Benjamin,SF,WR,1.2,17.3,0.2,0,0,0,0,0,0,0,0,0
202,Racey McMath,TEN,WR,1.5,19.3,0.1,0,0,0,0,0,0,0,0,0
207,Seth Williams,DEN,WR,1.7,20.3,0.1,0,0,0,0,0,0,0,0,0
122,Zach Davidson,MIN,TE,1.7,17.6,0.1,0,0,0,0,0,0,0,0,0
123,Tanner Hudson,TB,TE,1.5,15.7,0.2,0,0,0,0,0,0,0,0,0
208,Malik Taylor,GB,WR,1.2,13.8,0.2,0,0,0,0,0,0,0,0,0
209,Malcolm Perry,MIA,WR,0.9,9.1,0,0,1.8,9.4,0.1,0,0,0,0,0
154,Jakob Johnson,NE,RB,2.2,18.9,0.1,0,0,0,0,0,0,0,0,0
76,Nick Mullens,PHI,QB,0,0,0,1,2,4,0,12,6.5,70,0.5,0.5
125,Brandon Dillon,MIN,TE,1.3,13.8,0.1,0,0,0,0,0,0,0,0,0
124,Temarrick Hemingway,WAS,TE,1.4,16.1,0.1,0,0,0,0,0,0,0,0,0
210,Kendall Hinton,DEN,WR,1.1,12.1,0,0,1.2,6.4,0,0,0,0,0,0
155,Dare Ogunbowale,JAC,RB,1.4,9.4,0,0,2.1,8.9,0,0,0,0,0,0
212,Isaiah Ford,MIA,WR,1.6,15,0.1,0,0,0,0,0,0,0,0,0
211,Brandon Zylstra,CAR,WR,1.2,15.2,0.1,0,0,0,0,0,0,0,0,0
156,Jonathan Williams,WAS,RB,0.9,7,0,0,2.3,9.8,0,0,0,0,0,0
127,Matt LaCosse,NE,TE,1.2,12.8,0.1,0,0,0,0,0,0,0,0,0
126,Eric Tomlinson,BAL,TE,1.2,11.7,0.1,0,0,0,0,0,0,0,0,0
128,Codey McElroy,TB,TE,0.9,8.6,0.1,0,0,0,0,0,0,0,0,0
213,Joe Reed,LAC,WR,0.8,9.4,0,0,0.9,4.8,0,0,0,0,0,0
214,Matt Cole,NYG,WR,0.9,9.5,0,0,0.9,4.3,0,0,0,0,0,0
215,DeMichael Harris,IND,WR,0.7,8.1,0,0,0.9,4.7,0,0,0,0,0,0
157,Dontrell Hilliard,HOU,RB,0.9,6.4,0,0,1.7,7.1,0,0,0,0,0,0
158,Patrick Laird,MIA,RB,0.9,5.5,0,0,1.5,6.4,0,0,0,0,0,0
159,Taiwan Jones,BUF,RB,0.9,7,0,0,1.1,4.7,0,0,0,0,0,0
218,Damion Ratley,DET,WR,1,11.6,0,0,0,0,0,0,0,0,0,0
216,Trey Quinn,LV,WR,1.2,12.3,0,0,0,0,0,0,0,0,0,0
217,Antonio Callaway,KC,WR,0.9,11.1,0,0,0,0,0,0,0,0,0,0
219,Malik Turner,DAL,WR,0.9,10.6,0,0,0,0,0,0,0,0,0,0
161,C.J. Prosise,TB,RB,1,7,0,0,0.9,3.6,0,0,0,0,0,0
220,Kelvin Harmon,WAS,WR,0.8,10.6,0,0,0,0,0,0,0,0,0,0
160,Elijah McGuire,KC,RB,0.9,7.2,0,0,0.9,3.5,0,0,0,0,0,0
129,Isaac Nauta,GB,TE,0.8,8.3,0.1,0,0,0,0,0,0,0,0,0
130,Kevin Rader,PIT,TE,0.9,8.7,0,0,0,0,0,0,0,0,0,0
131,Garrett Griffin,NO,TE,0.8,8.8,0,0,0,0,0,0,0,0,0,0
165,Jason Huntley,PHI,RB,0.9,6.1,0,0,0.9,3.9,0,0,0,0,0,0
225,Isaiah Wright,WAS,WR,0.9,9.6,0,0,0,0,0,0,0,0,0,0
171,Scottie Phillips,HOU,RB,0.9,6,0,0,0.8,3.5,0,0,0,0,0,0
170,Jason Cabinda,DET,RB,1,6.1,0,0,0.8,3.5,0,0,0,0,0,0
169,Damarea Crockett,DEN,RB,0.9,5.5,0,0,1,4.2,0,0,0,0,0,0
168,Nathan Cottrell,JAC,RB,0.9,6.2,0,0,0.9,3.6,0,0,0,0,0,0
167,Austin Walter,NYJ,RB,0.9,6.3,0,0,0.9,3.6,0,0,0,0,0,0
166,LeVante Bellamy,DEN,RB,0.9,5.5,0,0,1,4.4,0,0,0,0,0,0
163,Artavis Pierce,CHI,RB,0.9,6.2,0,0,0.9,3.9,0,0,0,0,0,0
164,Adrian Killins Jr.,DEN,RB,0.9,6.1,0,0,0.9,3.9,0,0,0,0,0,0
162,Ryan Nall,CHI,RB,0.9,6.3,0,0,0.9,3.9,0,0,0,0,0,0
132,Tyrone Swoopes,WAS,TE,0.9,9.6,0,0,0,0,0,0,0,0,0,0
226,Jason Moore,LAC,WR,0.8,9.5,0,0,0,0,0,0,0,0,0,0
221,DeAndre Carter,WAS,WR,0.9,10.4,0,0,0,0,0,0,0,0,0,0
222,Vyncint Smith,NYJ,WR,0.9,10.1,0,0,0,0,0,0,0,0,0,0
223,John Hightower,PHI,WR,0.7,9.8,0,0,0,0,0,0,0,0,0,0
224,Gehrig Dieter,KC,WR,0.9,9.7,0,0,0,0,0,0,0,0,0,0
227,Nsimba Webster,SF,WR,0.9,9.5,0,0,0,0,0,0,0,0,0,0
233,Keelan Doss,LV,WR,0.8,9.3,0,0,0,0,0,0,0,0,0,0
249,Derrick Willies,CLE,WR,0.7,8.6,0,0,0,0,0,0,0,0,0,0
239,Cyril Grayson Jr.,TB,WR,0.9,9,0,0,0,0,0,0,0,0,0,0
174,Cullen Gillaspia,NYG,RB,0.9,5.2,0,0,0.9,3.7,0,0,0,0,0,0
250,Alexander Hollins,CLE,WR,0.7,8.5,0,0,0,0,0,0,0,0,0,0
248,K.J. Osborn,MIN,WR,0.7,8.7,0,0,0,0,0,0,0,0,0,0
134,Deon Yelder,TEN,TE,0.8,7.3,0,0,0,0,0,0,0,0,0,0
133,MyCole Pruitt,SF,TE,0.9,8.3,0,0,0,0,0,0,0,0,0,0
246,Robert Foster,MIA,WR,0.7,8.7,0,0,0,0,0,0,0,0,0,0
245,KhaDarel Hodge,CLE,WR,0.7,8.8,0,0,0,0,0,0,0,0,0,0
244,Chad Williams,KC,WR,0.8,8.8,0,0,0,0,0,0,0,0,0,0
247,Dan Chisena,MIN,WR,0.7,8.7,0,0,0,0,0,0,0,0,0,0
242,Darvin Kidsy,SEA,WR,0.8,9,0,0,0,0,0,0,0,0,0,0
241,Stanley Morgan Jr.,CIN,WR,0.8,9,0,0,0,0,0,0,0,0,0,0
240,John Ursua,SEA,WR,0.8,9,0,0,0,0,0,0,0,0,0,0
243,Marvin Hall,NE,WR,0.7,8.9,0,0,0,0,0,0,0,0,0,0
238,Lawrence Cager,NYJ,WR,0.8,9,0,0,0,0,0,0,0,0,0,0
230,Jake Lampman,NO,WR,0.7,9.4,0,0,0,0,0,0,0,0,0,0
173,Taquan Mizzell,NYG,RB,0.9,5.3,0,0,0.9,3.7,0,0,0,0,0,0
237,Marcell Ateman,LV,WR,0.7,9.1,0,0,0,0,0,0,0,0,0,0
228,Darrius Shepherd,KC,WR,0.9,9.5,0,0,0,0,0,0,0,0,0,0
229,Josh Malone,NYJ,WR,0.9,9.4,0,0,0,0,0,0,0,0,0,0
172,Jordan Scarlett,MIA,RB,0.9,5.3,0,0,0.9,3.9,0,0,0,0,0,0
231,Jeff Badet,ATL,WR,0.9,9.3,0,0,0,0,0,0,0,0,0,0
232,Chris Rowland,ATL,WR,0.9,9.3,0,0,0,0,0,0,0,0,0,0
234,Chad Hansen,DET,WR,0.9,9.2,0,0,0,0,0,0,0,0,0,0
235,Trenton Irwin,CIN,WR,0.8,9.2,0,0,0,0,0,0,0,0,0,0
236,Tanner Gentry,BUF,WR,0.8,9.2,0,0,0,0,0,0,0,0,0,0
251,Laquon Treadwell,JAC,WR,0.8,8.4,0,0,0,0,0,0,0,0,0,0
252,Dante Pettis,NYG,WR,0.7,8.4,0,0,0,0,0,0,0,0,0,0
253,Ja'Marcus Bradley,CLE,WR,0.7,8.4,0,0,0,0,0,0,0,0,0,0
254,JoJo Natson,CLE,WR,0.7,8.3,0,0,0,0,0,0,0,0,0,0
255,Ashton Dulin,IND,WR,0.7,8.3,0,0,0,0,0,0,0,0,0,0
256,River Cracraft,SF,WR,0.7,8.3,0,0,0,0,0,0,0,0,0,0
257,Justin Hardy,CHI,WR,0.7,8,0,0,0,0,0,0,0,0,0,0
258,Mack Hollins,MIA,WR,0.8,8,0,0,0,0,0,0,0,0,0,0
259,Fred Brown,TEN,WR,0.7,8,0,0,0,0,0,0,0,0,0,0
261,Kevin White,NO,WR,0.7,8,0,0,0,0,0,0,0,0,0,0
260,Tyrie Cleveland,DEN,WR,0.7,8,0,0,0,0,0,0,0,0,0,0
262,Cody Hollister,TEN,WR,0.7,8,0,0,0,0,0,0,0,0,0,0
263,C.J. Board,NYG,WR,0.7,7.7,0,0,0,0,0,0,0,0,0,0
264,Keith Kirkwood,CAR,WR,0.7,7.6,0,0,0,0,0,0,0,0,0,0
265,Jordan Matthews,SF,WR,0.7,7.6,0,0,0,0,0,0,0,0,0,0
137,Hakeem Butler,PHI,TE,0.8,8.4,0,0,0,0,0,0,0,0,0,0
136,Jesper Horsted,CHI,TE,0.8,8.5,0,0,0,0,0,0,0,0,0,0
135,Jason Croom,PHI,TE,0.8,8.5,0,0,0,0,0,0,0,0,0,0
266,Ryan Switzer,CLE,WR,0.8,7.1,0,0,0,0,0,0,0,0,0,0
139,Colin Thompson,CAR,TE,0.7,6.8,0,0,0,0,0,0,0,0,0,0
138,Cole Hikutini,NYG,TE,0.8,7.2,0,0,0,0,0,0,0,0,0,0
175,Tony Jones Jr.,NO,RB,0.2,0.4,0,0,0.9,0.7,0,0,0,0,0,0
35,Chase McLaughlin,CLE,K,0,0,0,0,0,0,0,0,0,0,0,0
77,Ryan Griffin,TB,QB,0,0,0,0,0,0,0,0,0,0,0,0
95,Easton Stick,LAC,QB,0,0,0,0,0,0,0,0,0,0,0,0
94,Joshua Dobbs,PIT,QB,0,0,0,0,0,0,0,0,0,0,0,0
93,Nick Foles,CHI,QB,0,0,0,0,0,0,0,0,0,0,0,0
92,Brett Rypien,DEN,QB,0,0,0,0,0,0,0,0,0,0,0,0
91,Nathan Peterman,LV,QB,0,0,0,0,0,0,0,0,0,0,0,0
90,Josh Johnson,NYJ,QB,0,0,0,0,0,0,0,0,0,0,0,0
89,Will Grier,CAR,QB,0,0,0,0,0,0,0,0,0,0,0,0
88,Nate Sudfeld,SF,QB,0,0,0,0,0,0,0,0,0,0,0,0
87,Kyle Allen,WAS,QB,0,0,0,0,0,0,0,0,0,0,0,0
86,Trevor Siemian,NO,QB,0,0,0,0,0,0,0,0,0,0,0,0
84,Kyle Lauletta,CLE,QB,0,0,0,0,0,0,0,0,0,0,0,0
83,Sean Mannion,SEA,QB,0,0,0,0,0,0,0,0,0,0,0,0
82,Jake Luton,JAC,QB,0,0,0,0,0,0,0,0,0,0,0,0
81,Cooper Rush,DAL,QB,0,0,0,0,0,0,0,0,0,0,0,0
80,Brett Hundley,IND,QB,0,0,0,0,0,0,0,0,0,0,0,0
79,Devlin Hodges,LAR,QB,0,0,0,0,0,0,0,0,0,0,0,0
78,C.J. Beathard,JAC,QB,0,0,0,0,0,0,0,0,0,0,0,0
85,Ben DiNucci,DAL,QB,0,0,0,0,0,0,0,0,0,0,0,0
