,Player,Team,Pos,Receptions,ReceivingYds,ReceivingTD,FL,RushingAtt,RushingYds,RushingTD,PassingYds,PassingTD,Int
1,Josh Allen,BUF,QB,0,0,0,5.1,110.8,519.9,8,4586.8,33.4,13.3
2,Patrick Mahomes II,KC,QB,0,0,0,2.5,55.2,266.9,2.9,5047.3,38.5,8.9
3,Kyler Murray,ARI,QB,0,0,0,3.7,127,704.1,7.8,4176.4,26.5,12.4
4,Lamar Jackson,BAL,QB,0,0,0,4,152.4,918.6,6.6,3376.8,29,12.2
5,Dak Prescott,DAL,QB,0,0,0,4.2,63.8,298.3,4.1,4843.3,31.1,11.1
6,Justin Herbert,LAC,QB,0,0,0,2.6,61.5,273.4,4.4,4619.8,31,12
7,Russell Wilson,SEA,QB,0,0,0,3.5,83.3,450.1,2.1,4248.5,34.4,12.3
8,Aaron Rodgers,GB,QB,0,0,0,3.1,41,174,1.9,4457.3,36.6,7.2
9,Tom Brady,TB,QB,0,0,0,2.2,23.8,29.9,2,4706.1,36.8,11.9
10,Jalen Hurts,PHI,QB,0,0,0,4.9,138,710.7,5.9,3748.6,22.6,15.1
11,Ryan Tannehill,TEN,QB,0,0,0,2.9,51.5,227.9,3.4,4151.4,30.5,10.5
12,Christian McCaffrey,CAR,RB,96.9,787.9,4.3,2.5,297.7,1304.2,12.1,0,0,0
13,Joe Burrow,CIN,QB,0,0,0,4.2,54.3,228.3,3,4318.7,26.4,11.5
14,Matthew Stafford,LAR,QB,0,0,0,3.2,33.4,126.7,0.8,4546.4,28.5,11.5
15,Dalvin Cook,MIN,RB,56,481.7,2,2.9,317.4,1490.2,13,0,0,0
16,Trevor Lawrence,JAC,QB,0,0,0,5.2,66.8,342.3,2.3,4151.1,24.7,13.3
17,Derrick Henry,TEN,RB,25.8,191.8,1.2,2.7,344.4,1687,14.4,0,0,0
18,Kirk Cousins,MIN,QB,0,0,0,4.1,35.3,114.3,1.1,4287.2,30,13
19,Matt Ryan,ATL,QB,0,0,0,4.3,33.2,119.3,1.4,4519,27,12.8
20,Derek Carr,LV,QB,0,0,0,5.3,31.5,110.4,1.8,4313.1,26.7,10.9
21,Tua Tagovailoa,MIA,QB,0,0,0,1.7,54.3,205.7,2.7,3957.3,25.9,13.5
22,Baker Mayfield,CLE,QB,0,0,0,3.3,44.2,168.4,1.8,3949.3,28,11.4
23,Carson Wentz,IND,QB,0,0,0,5.8,62.7,273.9,3.2,3817.8,26,13.3
24,Ben Roethlisberger,PIT,QB,0,0,0,2.3,20.8,44.5,0.5,4222.6,29.7,14.4
25,Daniel Jones,NYG,QB,0,0,0,8.5,71,406.9,2.7,3753.9,22.8,13.6
26,Sam Darnold,CAR,QB,0,0,0,3.9,50.3,219.8,3.3,3923.5,21.8,15
27,Zach Wilson,NYJ,QB,0,0,0,5.5,64.3,306.1,2.3,3917.9,21.6,14.9
28,Ryan Fitzpatrick,WAS,QB,0,0,0,2.3,47.6,232.1,3,3841.7,21.9,16.4
29,Jared Goff,DET,QB,0,0,0,4.1,39.9,89.8,1.7,4150.5,22.5,14.9
30,Alvin Kamara,NO,RB,77.9,666.5,3.4,1.9,206.9,945.7,9.7,0,0,0
31,Saquon Barkley,NYG,RB,57.8,448.6,2,1.8,272.9,1261.8,9.4,0,0,0
32,Jonathan Taylor,IND,RB,42.3,325.6,1.9,1.9,275.3,1280.6,11,0,0,0
33,Tyreek Hill,KC,WR,100.7,1440.3,12.2,0.7,12.9,81.8,0.8,0,0,0
34,Nick Chubb,CLE,RB,28.7,227.5,1,1.9,274.3,1374.5,11.1,0,0,0
35,Aaron Jones,GB,RB,50.1,392,2.6,2.1,231.1,1120.1,10.3,0,0,0
36,Davante Adams,GB,WR,123.6,1492.7,12.6,0.8,0,0,0,0,0,0
37,Ezekiel Elliott,DAL,RB,53,392.4,2.3,2.9,279.3,1192,9.5,0,0,0
38,Deshaun Watson,HOU,QB,0,0,0,3,60,282.5,2.9,3088.9,18,8
39,Joe Mixon,CIN,RB,50.2,368.3,2.9,2,278.1,1172.1,8.2,0,0,0
40,Najee Harris,PIT,RB,49.8,368.3,2.2,2.6,259.5,1153.4,8.6,0,0,0
41,Austin Ekeler,LAC,RB,80.4,698.8,4.9,1.6,180.8,822.2,4.7,0,0,0
42,Antonio Gibson,WAS,RB,45.6,331.8,1.4,2.1,245.4,1103.3,9.9,0,0,0
43,Cam Akers,LAR,RB,32,267,1,0,255,1146,9,0,0,0
44,Stefon Diggs,BUF,WR,112.6,1468.5,9.1,1.2,2.4,15.5,0.1,0,0,0
45,Travis Kelce,KC,TE,112.6,1405.5,10.1,0.8,0,0,0,0,0,0
46,Calvin Ridley,ATL,WR,99.7,1425.8,9.1,0.8,4.8,26.3,0.1,0,0,0
47,D'Andre Swift,DET,RB,60,447.1,2.1,2.3,206.6,905.8,8.4,0,0,0
48,Justin Fields,CHI,QB,0,0,0,4.5,60.7,306,2.5,2664.7,16.8,9.7
49,Chris Carson,SEA,RB,43.4,321.1,2.4,2.1,228.2,1045.5,7.3,0,0,0
50,J.K. Dobbins,BAL,RB,30.1,228.4,1.1,1.6,210.9,1071.5,9.4,0,0,0
51,Clyde Edwards-Helaire,KC,RB,50,385.4,2.2,1.8,221.3,996,7,0,0,0
52,DeAndre Hopkins,ARI,WR,121.8,1461,7.6,1.5,1.5,7.4,0,0,0,0
53,Josh Jacobs,LV,RB,31.5,236.3,0.9,2,249.8,1068.2,9.4,0,0,0
54,Cam Newton,NE,QB,0,0,0,1.8,81.7,354.3,5.7,2217.6,12.9,9.1
55,D.K. Metcalf,SEA,WR,86.6,1305.1,9.9,1.4,0.3,1.3,0,0,0,0
56,David Montgomery,CHI,RB,37.5,298.7,1.5,1.9,249.5,1044.7,7.9,0,0,0
57,Justin Jefferson,MIN,WR,94.5,1399.4,7.9,0.8,0.4,1.5,0,0,0,0
58,Miles Sanders,PHI,RB,43.4,361,1.7,1.8,217.8,1044.9,6.4,0,0,0
59,A.J. Brown,TEN,WR,84.6,1269.2,9.8,0.9,0.5,7.5,0,0,0,0
60,Jameis Winston,NO,QB,0,0,0,3.9,38.3,162.3,0.9,2836.6,19.4,12.7
61,Myles Gaskin,MIA,RB,48.2,372.9,2,2.1,215.9,917.4,6.1,0,0,0
62,Trey Lance,SF,QB,0,0,0,4,55.1,283.9,2.6,2290.6,14.6,8.3
63,Keenan Allen,LAC,WR,111.4,1207.9,7.9,1,3,16.3,0.1,0,0,0
64,Mike Evans,TB,WR,76.1,1115.8,9.6,0.7,0,0,0,0,0,0
65,Mike Davis,ATL,RB,48.8,311.9,1.7,1.9,227,895.3,6.6,0,0,0
66,Amari Cooper,DAL,WR,92.8,1221.3,7.4,0.8,2.6,11.8,0,0,0,0
67,Terry McLaurin,WAS,WR,91.4,1235.9,6.8,0.7,1.8,12.1,0.1,0,0,0
68,Darrell Henderson,LAR,RB,31.5,264.2,1.4,1.9,215,921.2,6.8,0,0,0
69,Michael Thomas,NO,WR,103.9,1237.2,6.7,0.8,0.3,-1,0,0,0,0
70,Allen Robinson II,CHI,WR,97.3,1213.8,6.8,0.7,0.3,0.3,0,0,0,0
71,Robert Woods,LAR,WR,98.8,1091.3,6,0.8,18.3,113.3,1,0,0,0
72,Adam Thielen,MIN,WR,81.1,1033.9,9.2,0.7,3.2,14.5,0.3,0,0,0
73,George Kittle,SF,TE,96.7,1213.4,6.6,0.7,0,0,0,0,0,0
74,Chase Edmonds,ARI,RB,52.2,381.9,2.9,1.5,173.2,770.8,4.9,0,0,0
75,CeeDee Lamb,DAL,WR,84.3,1100.8,6.7,0.8,8.5,61.4,0.6,0,0,0
76,Darren Waller,LV,TE,100.4,1148.5,7.1,0.9,0,0,0,0,0,0
77,Tyler Lockett,SEA,WR,92.5,1055.7,8.4,0.7,1.6,5.7,0,0,0,0
78,D.J. Moore,CAR,WR,82.9,1200.6,5.4,0.8,3.1,20.1,0.1,0,0,0
79,Julio Jones,TEN,WR,78.2,1107.3,7.2,0.7,0.5,-0.5,0,0,0,0
80,Cooper Kupp,LAR,WR,93.5,1070.8,7.2,0.7,4,23.8,0.1,0,0,0
81,Chris Godwin,TB,WR,82.3,1077.3,7.4,0.8,0.3,2,0,0,0,0
82,Kareem Hunt,CLE,RB,38.9,317.5,2.5,1.3,154.6,684.4,5.5,0,0,0
83,Courtland Sutton,DEN,WR,74.1,1057.3,6.7,0.8,1.7,9.4,0,0,0,0
84,Tee Higgins,CIN,WR,79.2,1062.4,6.4,0.8,2.3,12.3,0,0,0,0
85,Odell Beckham Jr.,CLE,WR,70.2,985.1,6.6,0.7,5.8,51.7,0.3,0,0,0
86,Kenny Golladay,NYG,WR,70,1046.5,6.6,0.7,0,0,0,0,0,0
87,Brandon Aiyuk,SF,WR,73,929.9,6.4,0.7,13.8,78.2,0.7,0,0,0
88,Ja'Marr Chase,CIN,WR,73.3,1063,6.1,1.2,1.5,8.2,0,0,0,0
89,Travis Etienne,JAC,RB,60.7,484.2,2.7,3,130.6,581.8,4.1,0,0,0
91,Damien Harris,NE,RB,12.6,95.4,0.3,1.4,205.9,963.1,5.7,0,0,0
92,Raheem Mostert,SF,RB,23.8,207.7,1.3,1.4,154.2,768.2,6.1,0,0,0
93,Chase Claypool,PIT,WR,70,900.4,6.9,0.9,8.2,43.9,0.6,0,0,0
94,Teddy Bridgewater,DEN,QB,0,0,0,1.7,31.6,135.9,1.7,2100.8,12.7,9.1
95,Diontae Johnson,PIT,WR,94.7,985.7,6.3,1.4,4.4,27.2,0.1,0,0,0
96,James Robinson,JAC,RB,29.3,209.9,1,1.5,182.7,798.3,5.5,0,0,0
97,D.J. Chark Jr.,JAC,WR,74.5,993.6,6.4,0.6,0.3,3.3,0,0,0,0
98,Brandin Cooks,HOU,WR,73.5,1036.4,5.2,0.7,0.8,6.8,0,0,0,0
99,Javonte Williams,DEN,RB,25.1,194.1,1,2,183.3,814.1,5.2,0,0,0
101,Deebo Samuel,SF,WR,71.8,918.3,4.8,0.8,13,97.2,0.7,0,0,0
102,David Johnson,HOU,RB,35.9,322.5,2.3,1.5,147.8,619.2,4.7,0,0,0
104,Mark Andrews,BAL,TE,69.5,847.9,8.2,0.9,0,0,0,0,0,0
105,Taysom Hill,NO,QB,0,0,0,3.9,75.4,396.5,4.5,1302.9,7.6,4.9
107,Robby Anderson,CAR,WR,80.3,989.8,5.2,0.8,2.5,12.3,0.1,0,0,0
108,Jimmy Garoppolo,SF,QB,0,0,0,1.2,14.9,36.6,0.5,2175.7,13.2,7.1
109,JuJu Smith-Schuster,PIT,WR,90,907.2,6.8,0.9,0,0,0,0,0,0
110,Leonard Fournette,TB,RB,31,212.8,0.8,1.2,165.2,677,6.3,0,0,0
112,Michael Gallup,DAL,WR,63.3,932.1,5.9,0.6,0,0,0,0,0,0
113,Jerry Jeudy,DEN,WR,68.2,975,5.2,0.8,0,0,0,0,0,0
117,Marquise Brown,BAL,WR,61.2,823.2,7.1,0.6,2.5,13,0.1,0,0,0
121,Tyler Boyd,CIN,WR,83.3,925.7,5.3,0.8,2.1,15.6,0,0,0,0
122,Melvin Gordon III,DEN,RB,22.3,143.2,1,2.4,169.4,746,5.7,0,0,0
126,Zack Moss,BUF,RB,24.5,176.7,0.9,1.2,157.4,672.9,5.7,0,0,0
128,Curtis Samuel,WAS,WR,63.3,745.9,4.9,0.7,24.7,129.1,1.1,0,0,0
129,Jarvis Landry,CLE,WR,74.3,899.6,5.1,0.8,2,10.1,0.3,0,0,0
130,Ronald Jones II,TB,RB,17.8,124.4,0.4,1.4,169.2,759.4,5.6,0,0,0
135,Laviska Shenault Jr.,JAC,WR,69.8,769.4,4.9,0.7,20.2,112.3,0.6,0,0,0
136,Kyle Pitts,ATL,TE,69,832.5,6.4,1.2,0,0,0,0,0,0
137,DeVante Parker,MIA,WR,67.1,858.6,5.7,0.7,0,0,0,0,0,0
138,DeVonta Smith,PHI,WR,63.5,910.1,4.9,1.2,1,6.2,0,0,0,0
143,Mike Williams,LAC,WR,53.5,879,5.2,0.6,0.3,0.5,0,0,0,0
147,T.Y. Hilton,IND,WR,62.2,828.2,5.8,0.6,0,0,0,0,0,0
148,Will Fuller V,MIA,WR,66.8,850.8,5.3,0.6,0,0,0,0,0,0
151,Trey Sermon,SF,RB,19.5,159,1,1.8,141.1,641.2,5.2,0,0,0
154,Drew Lock,DEN,QB,0,0,0,2.4,28.2,111.6,1,1787.8,11,7.6
157,T.J. Hockenson,DET,TE,73.8,821.7,5.2,0.8,0,0,0,0,0,0
159,Kenyan Drake,LV,RB,35.1,247.7,0.8,1.4,137.3,571.2,4.6,0,0,0
160,Tyrod Taylor,HOU,QB,0,0,0,1.1,26.8,124.8,1,1700.7,9.2,4.8
161,Corey Davis,NYJ,WR,68.1,885.5,4.1,0.8,0,0,0,0,0,0
162,James Conner,ARI,RB,21.8,151.9,0.7,1.4,140.6,622.9,5.4,0,0,0
165,Gus Edwards,BAL,RB,10.3,88,0.3,1.3,149.9,728.8,4.7,0,0,0
166,Latavius Murray,NO,RB,26.2,188,1,1.2,142.6,606.5,4.1,0,0,0
168,Marvin Jones Jr.,JAC,WR,60.4,768.3,5.4,0.6,0.3,0,0,0,0,0
169,Mecole Hardman,KC,WR,51.8,722.5,5.5,1.7,6.4,43.7,0.1,0,0,0
179,Michael Carter,NYJ,RB,26.7,204.2,0.9,1.8,139.4,586.1,3.9,0,0,0
184,Tyrell Williams,DET,WR,55.9,809.6,4,0.7,0,0,0,0,0,0
187,Antonio Brown,TB,WR,60.3,674.3,6,0.6,2,11.4,0,0,0,0
188,Henry Ruggs III,LV,WR,49.4,759.9,4.1,1.7,7.6,42,0.1,0,0,0
189,Cole Beasley,BUF,WR,66.1,763.7,4.5,0.6,0,0,0,0,0,0
190,Jamaal Williams,DET,RB,35.3,240.2,1.3,1.2,130,526.9,3.3,0,0,0
192,Breshad Perriman,DET,WR,52.7,765.6,3.9,0.1,1.9,11.3,0,0,0,0
195,AJ Dillon,GB,RB,14.5,110.1,0.5,1.4,140.4,633.9,4.4,0,0,0
196,Jaylen Waddle,MIA,WR,56.4,749.1,4.6,1.2,1,5.6,0,0,0,0
197,Dallas Goedert,PHI,TE,63.9,710.3,5.1,0.7,0,0,0,0,0,0
198,Michael Pittman Jr.,IND,WR,56.6,743.9,4,0.7,3.4,22.5,0,0,0,0
201,Jalen Reagor,PHI,WR,54,733.6,3.9,0.7,3.1,17.6,0.1,0,0,0
202,Devin Singletary,BUF,RB,30.5,215.4,1.2,1.3,121,534,3,0,0,0
203,Robert Tonyan,GB,TE,54.6,602,6.2,0.1,0,0,0,0,0,0
204,Darnell Mooney,CHI,WR,61.2,711.8,4.2,0.7,3.3,18.7,0.1,0,0,0
205,Emmanuel Sanders,BUF,WR,56,684.8,4.8,0.6,1.1,6.7,0.1,0,0,0
206,Tony Pollard,DAL,RB,29.8,219.4,1.3,1.2,111.2,497.4,3.2,0,0,0
208,Russell Gage,ATL,WR,66.6,722.1,4,0.6,1.5,6.3,0,0,0,0
209,Nelson Agholor,NE,WR,49.8,708.9,4.3,0.7,0.3,1.3,0,0,0,0
210,Mac Jones,NE,QB,0,0,0,1.2,18.6,68.8,0.9,1541.3,9.1,6.2
211,Tyler Higbee,LAR,TE,58.8,654.4,5.2,0.6,0,0,0,0,0,0
213,Noah Fant,DEN,TE,62.1,692,4.4,0.6,0,0,0,0,0,0
215,Logan Thomas,WAS,TE,62.8,646.5,5,0.6,0,0,0,0,0,0
216,Gabriel Davis,BUF,WR,42.9,634.5,5,0.1,0.3,0,0,0,0,0
217,Tevin Coleman,NYJ,RB,19,143.3,0.6,1.2,140.1,548.3,3.8,0,0,0
218,Mike Gesicki,MIA,TE,55.3,621.8,5.3,0.7,0,0,0,0,0,0
219,Allen Lazard,GB,WR,47.9,661.9,4.1,0.6,1.3,9.7,0,0,0,0
223,J.D. McKissic,WAS,RB,56.2,410,1.7,0.8,66.6,288.9,1.5,0,0,0
224,Nyheim Hines,IND,RB,50,373.5,2.2,1.2,62.1,267.1,2.1,0,0,0
225,Irv Smith Jr.,MIN,TE,51.8,569.4,5.4,0.7,0,0,0,0,0,0
226,Andy Dalton,CHI,QB,0,0,0,0.8,12.9,43.5,0.5,1450.1,8.5,5
227,Jared Cook,LAC,TE,45.9,577.2,5.1,0.6,0,0,0,0,0,0
228,Rob Gronkowski,TB,TE,42.1,549.8,5.3,0.2,0,0,0,0,0,0
229,John Brown,LV,WR,47.9,651,3.7,0.6,0.3,1,0,0,0,0
230,Sterling Shepard,NYG,WR,60.4,616.7,3.5,0.6,3.3,25.8,0.3,0,0,0
231,James White,NE,RB,52.3,423.7,2.3,1.2,52.4,214.8,1.8,0,0,0
232,Tre'Quan Smith,NO,WR,40.1,576.4,4.6,0.1,0.3,0.5,0,0,0,0
233,Tarik Cohen,CHI,RB,56.6,389.5,2,1.3,66.4,277.8,1.3,0,0,0
235,Christian Kirk,ARI,WR,47.8,578.6,4.1,0.6,3.9,26.8,0,0,0,0
237,A.J. Green,ARI,WR,50.4,616.2,3.9,0.7,0,0,0,0,0,0
239,Eric Ebron,PIT,TE,58,574.2,4.6,0.7,0,0,0,0,0,0
240,Alexander Mattison,MIN,RB,16.5,134.2,0.6,0.7,112.8,507.6,2.6,0,0,0
241,Elijah Moore,NYJ,WR,51.6,624.5,3.4,0.4,0.7,4.2,0,0,0,0
242,Rashod Bateman,BAL,WR,43.1,569.2,4.4,0.6,0.8,4.8,0,0,0,0
243,Hunter Henry,NE,TE,53.7,583.9,4.2,0.6,0,0,0,0,0,0
244,Marquez Valdes-Scantling,GB,WR,33,568.5,3.9,0.6,2.5,14.8,0,0,0,0
245,Jamison Crowder,NYJ,WR,52.3,581.9,3.8,0.6,0.3,3.3,0,0,0,0
246,Jonnu Smith,NE,TE,53.5,561.6,4.1,0.7,0,0,0,0,0,0
247,Evan Engram,NYG,TE,57.9,587.5,3.7,0.7,0,0,0,0,0,0
248,Rondale Moore,ARI,WR,48.6,600.5,3.3,1.2,1.1,6.2,0,0,0,0
249,Blake Jarwin,DAL,TE,48.3,539.6,4.1,0.2,0,0,0,0,0,0
250,Randall Cobb,HOU,WR,49,604.9,2.9,0.7,0.5,1.3,0,0,0,0
251,Parris Campbell,IND,WR,43.6,527.3,3.4,0.4,4.9,30.7,0.2,0,0,0
252,DeSean Jackson,LAR,WR,34.3,544.4,3.5,0.6,2.8,17.1,0.1,0,0,0
253,Darius Slayton,NYG,WR,41.6,564.7,3.4,0.6,0.8,2.6,0,0,0,0
254,Rashaad Penny,SEA,RB,15.4,120.7,0.7,0.7,90.8,423.2,3.1,0,0,0
255,Austin Hooper,CLE,TE,49.8,499.6,4.5,0.6,0,0,0,0,0,0
256,Terrace Marshall Jr.,CAR,WR,44.7,582.6,3.2,1.1,0.5,2.8,0,0,0,0
257,Phillip Lindsay,HOU,RB,20.4,130.8,0.3,1.1,104.5,460.6,2.7,0,0,0
258,Adam Trautman,NO,TE,49.6,538,3.8,0.7,0,0,0,0,0,0
259,Anthony Firkser,TEN,TE,48.7,522.8,3.8,0.1,0,0,0,0,0,0
260,Jakobi Meyers,NE,WR,45.4,575.1,2.5,0.4,0.8,4,0,0,0,0
261,Darrel Williams,KC,RB,21.1,155.4,0.8,0.6,76.8,321.2,3.2,0,0,0
262,Hunter Renfrow,LV,WR,44.4,535.8,2.9,0.6,0,0,0,0,0,0
263,Sony Michel,NE,RB,7.4,65.4,0.4,0.6,96.5,429.2,2.8,0,0,0
264,Chris Conley,HOU,WR,35.9,506.4,2.8,0.2,0,0,0,0,0,0
265,Keelan Cole Sr.,NYJ,WR,37.5,477.6,3,0.2,0.3,1.3,0,0,0,0
266,Gerald Everett,SEA,TE,41.9,431.7,3.9,0.6,0,0,0,0,0,0
267,Josh Reynolds,TEN,WR,36.1,469.6,3.1,0.6,0.8,4.5,0,0,0,0
268,Denzel Mims,NYJ,WR,37.3,525.1,2.2,0.6,0.3,0.8,0,0,0,0
269,Van Jefferson,LAR,WR,37.9,455.1,3.2,0.6,1.4,5.8,0,0,0,0
270,Zach Ertz,PHI,TE,43.7,450,3.2,0.1,0,0,0,0,0,0
271,Amon-Ra St. Brown,DET,WR,39.7,507.2,2.3,0.6,0.5,2.3,0,0,0,0
272,Ty Johnson,NYJ,RB,19.9,137.8,0.6,0.3,76.2,329.6,2.2,0,0,0
273,Damien Williams,CHI,RB,19.6,140.7,1,0.6,66.9,280.3,2.7,0,0,0
274,Sammy Watkins,BAL,WR,34.8,429.7,3.4,0.6,0.8,7.5,0,0,0,0
275,Rashard Higgins,CLE,WR,29.8,448.4,3,0.6,0,0,0,0,0,0
276,James Washington,PIT,WR,32.4,442.3,2.8,0.6,0,0,0,0,0,0
277,Giovani Bernard,TB,RB,35.1,267.5,1.4,0.6,50.8,183.6,1.3,0,0,0
278,Cole Kmet,CHI,TE,43.2,431.1,3.1,1.2,0,0,0,0,0,0
279,Demarcus Robinson,KC,WR,34.5,411.2,3.2,0.6,0,0,0,0,0,0
280,D'Wayne Eskridge,SEA,WR,33,404.3,3,0.2,0.7,3.7,0,0,0,0
281,Dawson Knox,BUF,TE,33.4,385.3,3.5,0.6,0,0,0,0,0,0
282,Hayden Hurst,ATL,TE,38.5,404.6,2.9,0.1,0,0,0,0,0,0
283,Zach Pascal,IND,WR,28,385.3,3.1,0,0.3,2,0,0,0,0
284,Wayne Gallman,SF,RB,9.8,75.9,0.4,1,71.6,315.6,2.9,0,0,0
285,Justin Jackson,LAC,RB,15.8,112.6,0.4,0.6,77.6,350.4,1.6,0,0,0
286,Chris Herndon IV,NYJ,TE,41.1,414.1,3.2,1.7,0,0,0,0,0,0
287,Jordan Akins,HOU,TE,39.7,421.8,2.5,0.1,0,0,0,0,0,0
288,Anthony Miller,CHI,WR,35.6,409.3,2.4,0.3,2.9,15.9,0.1,0,0,0
289,Jalen Guyton,LAC,WR,27.4,420.6,2.3,0.1,2,7.9,0.1,0,0,0
290,Salvon Ahmed,MIA,RB,13.6,90.5,0.5,0.3,76.6,322.2,2.2,0,0,0
291,Malcolm Brown,MIA,RB,10,66.9,0.2,0.6,76,295,3.4,0,0,0
292,Joshua Kelley,LAC,RB,9.3,67.4,0.2,1.7,98.2,366.7,2.4,0,0,0
293,KJ Hamler,DEN,WR,30.2,361.9,2.4,0.6,10.1,50.3,0.2,0,0,0
294,Josh Palmer,LAC,WR,30,417.7,2.5,1,1,6,0,0,0,0
295,C.J. Uzomah,CIN,TE,36.7,357.7,3.2,0.1,0,0,0,0,0,0
296,Jack Doyle,IND,TE,34.5,354.9,3.2,0.2,0,0,0,0,0,0
297,Darrynton Evans,TEN,RB,16.8,138.6,1,0.7,54.2,234.9,1.9,0,0,0
298,Kendrick Bourne,NE,WR,31.6,401.4,2.3,0.1,0,0,0,0,0,0
299,Marlon Mack,IND,RB,9.2,65.8,0.2,0.6,72.9,310.5,2.6,0,0,0
300,Tim Patrick,DEN,WR,29.6,386.7,2.5,0.6,0,0,0,0,0,0
301,Davis Mills,HOU,QB,0,0,0,0.8,8.2,34.4,0.4,892.1,4.7,3.1
302,Cordarrelle Patterson,ATL,RB,15.1,134.1,0.7,0.2,55.1,252.2,1.6,0,0,0
303,Kenneth Gainwell,PHI,RB,14.1,112.8,0.5,1.1,61.8,280.9,1.9,0,0,0
304,Olamide Zaccheaus,ATL,WR,27,395,1.9,0.1,0.3,1.4,0,0,0,0
305,Mo Alie-Cox,IND,TE,33.2,363,2.7,0.6,0,0,0,0,0,0
306,Kadarius Toney,NYG,WR,30,358.8,2,0.3,4.4,28.2,0.1,0,0,0
307,Will Dissly,SEA,TE,30.3,317.9,3,0.1,0,0,0,0,0,0
308,Donald Parham Jr.,LAC,TE,28,340.6,2.5,0.1,0,0,0,0,0,0
309,Preston Williams,MIA,WR,24.5,315.9,2.9,0.6,0,0,0,0,0,0
310,Marquez Callaway,NO,WR,29.4,356,2.1,0.1,0,0,0,0,0,0
311,Nico Collins,HOU,WR,27.5,366.8,1.9,0.2,0,0,0,0,0,0
312,O.J. Howard,TB,TE,27.1,343.1,2.5,0.7,0,0,0,0,0,0
313,Devontae Booker,NYG,RB,10.8,71.8,0.2,0.7,72.3,305,1.7,0,0,0
314,Qadree Ollison,ATL,RB,9,72,0.2,0.7,67.3,257.9,2.4,0,0,0
315,Mark Ingram II,HOU,RB,10.7,89.7,0.7,0.6,58.7,241.8,1.8,0,0,0
316,Dan Arnold,CAR,TE,27.7,346.2,2.3,0.7,0,0,0,0,0,0
317,Chuba Hubbard,CAR,RB,10.7,86.8,0.4,1.1,61.9,261.5,2,0,0,0
318,Rhamondre Stevenson,NE,RB,9.6,72.3,0.4,1.1,59.9,261.1,2.1,0,0,0
319,Rex Burkhead,HOU,RB,16.7,158.2,1.3,0.6,35.7,150.7,1.4,0,0,0
320,Amari Rodgers,GB,WR,26.4,323.4,1.9,0.2,2.7,16.3,0.1,0,0,0
321,Mohamed Sanu,SF,WR,32.8,338.9,2,0.5,1.3,5.7,0,0,0,0
322,Tyron Johnson,LAC,WR,19.9,312.1,2.1,0.1,2.3,13.1,0,0,0,0
323,Trayveon Williams,CIN,RB,15.9,125.2,0.6,1.6,54.7,234.7,1.5,0,0,0
324,Bryan Edwards,LV,WR,24,337.3,1.9,0.1,0,0,0,0,0,0
325,Tyler Conklin,MIN,TE,29.4,308.5,2.4,0.1,0,0,0,0,0,0
326,Deonte Harris,NO,WR,25.9,291.6,1.5,0.3,8.4,54.2,0.2,0,0,0
327,Adam Humphries,WAS,WR,31.5,343.5,1.6,0.1,0,0,0,0,0,0
328,Kyle Juszczyk,SF,RB,21.9,230.9,2,0.7,13.9,52.8,0.7,0,0,0
329,DeeJay Dallas,SEA,RB,14.5,107.1,0.7,0.6,46.7,186.3,1.6,0,0,0
330,David Njoku,CLE,TE,24.3,260.9,2.6,0,0,0,0,0,0,0
331,Boston Scott,PHI,RB,18.1,144.1,0.5,0.6,40,168.6,1.4,0,0,0
332,Keke Coutee,HOU,WR,27.6,324.4,1.7,2.1,0.7,3.7,0.3,0,0,0
333,Jimmy Graham,CHI,TE,23.8,249.1,2.7,0.1,0,0,0,0,0,0
334,Byron Pringle,KC,WR,22.7,290.9,2,0.2,0,0,0,0,0,0
335,Quintez Cephus,DET,WR,23.8,316.3,1.5,0.2,0,0,0,0,0,0
336,Richie James Jr.,SF,WR,23.1,356.4,1.4,2.1,0.8,0,0,0,0,0
337,Travis Fulgham,PHI,WR,22.7,296.2,1.6,0.1,0,0,0,0,0,0
338,Jacob Hollister,BUF,TE,29.1,264.3,2.3,0.6,0,0,0,0,0,0
339,Dalton Schultz,DAL,TE,26.7,277.6,2.1,0.6,0,0,0,0,0,0
340,Mike Boone,DEN,RB,6.6,44.5,0.1,0.6,50.4,238.7,1.8,0,0,0
341,Benny Snell Jr.,PIT,RB,7,48.3,0.2,0.7,62.5,232,1.8,0,0,0
342,Xavier Jones,LAR,RB,8.3,66,0.5,0.5,47.2,196.2,1.6,0,0,0
343,Kyle Allen,WAS,QB,0,0,0,0,7,26,0,628,4,3.5
344,Scotty Miller,TB,WR,17,245.3,1.8,0.1,1.4,7.7,0.1,0,0,0
345,Samaje Perine,CIN,RB,9.1,61.7,0.2,0.1,48.9,207,1.4,0,0,0
346,Dyami Brown,WAS,WR,19.7,273.6,1.5,0.1,0,0,0,0,0,0
347,Geronimo Allison,DET,WR,25.3,276.2,1.4,0.1,0,0,0,0,0,0
348,Isaiah McKenzie,BUF,WR,18.9,201.5,1.9,0.1,5.7,28.4,0.2,0,0,0
349,Tutu Atwell,LAR,WR,21.2,275.7,1.4,0.2,0,0,0,0,0,0
350,Peyton Barber,WAS,RB,5,32.9,0.1,0.6,55.9,198.2,2.1,0,0,0
351,Maxx Williams,ARI,TE,21.1,235.2,2,0.1,0,0,0,0,0,0
352,Jeff Wilson Jr.,SF,RB,2.5,27,0.5,1,41.7,182.3,2.1,0,0,0
353,Nick Boyle,BAL,TE,23.3,218.9,2.1,0,0,0,0,0,0,0
354,Isaiah Coulter,HOU,WR,17.3,271.5,1.5,1,1,4,0,0,0,0
355,Auden Tate,CIN,WR,20.5,260,1.4,0.1,0,0,0,0,0,0
356,Brandon Bolden,NE,RB,4.9,50,0.6,0,19.9,100.6,2.3,0,0,0
357,Carlos Hyde,JAC,RB,6.3,36.7,0,0.6,52.5,212.8,1.4,0,0,0
358,Brian Hill,TEN,RB,4.8,35.2,0.1,0.6,45.6,234.5,1,0,0,0
359,Geoff Swaim,TEN,TE,23.2,216.1,1.8,0.1,0,0,0,0,0,0
360,Matt Breida,BUF,RB,9.6,76.9,0.4,1.1,42.5,184.5,0.9,0,0,0
361,Kyle Rudolph,NYG,TE,22.9,212.5,1.8,0.1,0,0,0,0,0,0
362,Javian Hawkins,ATL,RB,4.6,35.4,0.1,0.2,46,189.5,1.5,0,0,0
363,Drew Sample,CIN,TE,24.5,231.8,1.4,0.6,0,0,0,0,0,0
364,James O'Shaughnessy,JAC,TE,24.2,238.8,1,0.1,0,0,0,0,0,0
365,N'Keal Harry,NE,WR,16.9,204.4,1.5,0.1,0.9,5.6,0,0,0,0
366,Harrison Bryant,CLE,TE,19.4,207.7,1.9,1.1,0,0,0,0,0,0
367,Jacob Eason,IND,QB,0,0,0,0.5,7.2,31,0.4,436,2.8,1.8
368,Johnny Stanton,CLE,RB,9,71,1,0,20,100,1,0,0,0
369,Greg Ward,PHI,WR,22.1,220.1,1.2,0.2,0,0,0,0,0,0
370,Cameron Brate,TB,TE,20.5,192.5,1.6,0,0,0,0,0,0,0
371,Darren Fells,DET,TE,18.2,188.5,1.6,0,0,0,0,0,0,0
372,Foster Moreau,LV,TE,13.9,152.1,2.1,0.1,0,0,0,0,0,0
373,Devin Duvernay,BAL,WR,17.3,190.6,1.3,0.1,1.7,11.7,0,0,0,0
374,Dez Fitzpatrick,TEN,WR,15.4,200.3,1,0.1,0,0,0,0,0,0
375,Albert Okwuegbunam,DEN,TE,16.6,174.2,1.4,0.1,0,0,0,0,0,0
376,Adam Shaheen,MIA,TE,16.6,164.6,1.9,1,0,0,0,0,0,0
377,Larry Rountree III,LAC,RB,4.6,34.9,0.2,0.1,32.8,137.7,1.3,0,0,0
378,Jalen Richard,LV,RB,17.2,134,0.6,0.1,17.3,75.5,0.2,0,0,0
379,Andre Roberts,HOU,WR,15,195,1,0,0,0,0,0,0,0
380,Ryan Izzo,HOU,TE,12.4,209.9,1,1,0,0,0,0,0,0
381,Pat Freiermuth,PIT,TE,19.9,179.7,1.3,0.5,0,0,0,0,0,0
382,Jermar Jefferson,DET,RB,9.4,69.9,0.1,0.1,29.9,122.3,0.9,0,0,0
383,La'Mical Perine,NYJ,RB,4.3,31.4,0.2,0.2,34.5,145.5,1,0,0,0
384,Donte Moncrief,HOU,WR,13.7,173.5,1.1,0,0,0,0,0,0,0
385,Hunter Long,MIA,TE,19.1,176.3,1.3,0.5,0,0,0,0,0,0
386,Raymond Calais,LAR,RB,5.7,44.2,0.3,0.1,26.5,111.8,1.1,0,0,0
387,Ian Thomas,CAR,TE,18,159.2,1.3,0,0,0,0,0,0,0
388,Elijah Mitchell,SF,RB,5.8,52.4,0.2,0.1,26.9,124.7,0.8,0,0,0
389,Marcedes Lewis,GB,TE,13,140.5,1.6,0,0,0,0,0,0,0
390,Collin Johnson,JAC,WR,15.6,190.4,0.7,0.1,0,0,0,0,0,0
391,David Moore,CAR,WR,11.6,160.8,1,0.1,1.2,7.8,0,0,0,0
392,Kahale Warring,HOU,TE,15.9,163.7,1,0.1,0,0,0,0,0,0
393,Ryan Griffin,NYJ,TE,14.2,138,1.4,0,0,0,0,0,0,0
394,Willie Snead IV,LV,WR,14.5,167.3,0.9,0.1,0,0,0,0,0,0
395,Freddie Swain,SEA,WR,12.4,155.9,1,0.1,0,0,0,0,0,0
396,Phillip Dorsett II,JAC,WR,12.8,155.6,1,0,0,0,0,0,0,0
397,Olabisi Johnson,MIN,WR,12.9,153.8,1,0,0,0,0,0,0,0
398,Jacob Harris,LAR,TE,12.6,156.8,0.9,0,0,0,0,0,0,0
399,Chris Manhertz,JAC,TE,15.5,153.2,1,0,0,0,0,0,0,0
400,Pharaoh Brown,HOU,TE,13.4,143.5,1.1,0,0,0,0,0,0,0
401,Noah Gray,KC,TE,14.4,148.2,1.2,0.5,0,0,0,0,0,0
402,Jaylen Samuels,PIT,RB,7.9,52.6,0.3,0.1,24.1,101.1,0.6,0,0,0
403,Matt Sokol,LAC,TE,13,141,1,0,0,0,0,0,0,0
404,Reggie Gilliam,BUF,TE,11,78,2,0,0,0,0,0,0,0
405,Chad Beebe,MIN,WR,11.5,141.3,0.9,0.1,0,0,0,0,0,0
406,Tony Brooks-James,ATL,RB,0.9,6.3,0,0,33,139.4,0.8,0,0,0
407,Tyler Kroft,NYJ,TE,11,111.3,1.4,0,0,0,0,0,0,0
408,Darrell Daniels,ARI,TE,12.7,135.1,1,0.1,0,0,0,0,0,0
409,Anthony McFarland Jr.,PIT,RB,5.7,45.3,0.1,0.6,30,115,0.5,0,0,0
410,Miles Boykin,BAL,WR,9.9,133,0.8,0.1,0.8,4.9,0,0,0,0
411,Lynn Bowden Jr.,MIA,WR,11.6,106.9,0.3,0.1,10.2,49.2,0.2,0,0,0
412,Thaddeus Moss,CIN,TE,13,122,1,0,0,0,0,0,0,0
413,Justice Hill,BAL,RB,5.2,37.2,0.2,0.1,21,95.9,0.7,0,0,0
414,Jerick McKinnon,KC,RB,6.9,49.5,0.2,0.1,21.4,94.7,0.4,0,0,0
415,KeeSean Johnson,ARI,WR,10.6,121.3,1,0,0,0,0,0,0,0
416,Cam Sims,WAS,WR,10.5,140.9,0.7,0,0,0,0,0,0,0
417,James Morgan,NYJ,QB,0,0,0,0.3,1.9,8.3,0.1,329.2,1.7,1.3
418,Jalen Hurd,SF,WR,7.9,100.7,0.6,0.1,4.7,28.8,0.2,0,0,0
419,Ray-Ray McCloud,PIT,WR,11.5,114.3,0.7,0.2,3,18.7,0.1,0,0,0
420,Christian Blake,ATL,WR,12.5,146,0.5,0.1,0,0,0,0,0,0
421,Anthony Schwartz,CLE,WR,10.1,124.2,0.8,0.1,0,0,0,0,0,0
422,Nick Vannett,NO,TE,11,118.6,0.9,0.1,0,0,0,0,0,0
423,Hunter Bryant,DET,TE,10.4,122.8,0.8,0,0,0,0,0,0,0
424,Devin Asiasi,NE,TE,10.4,117.1,1.1,0.5,0,0,0,0,0,0
425,Kerryon Johnson,PHI,RB,3.7,29.6,0.1,0.3,26.1,102.2,0.6,0,0,0
426,Ross Dwelley,SF,TE,11.5,118.4,0.9,0,0,0,0,0,0,0
427,Jace Sternberger,GB,TE,10.5,101.9,1.1,0,0,0,0,0,0,0
428,Ameer Abdullah,MIN,RB,8,58.5,0.3,0.1,18.9,76.2,0.3,0,0,0
429,Brycen Hopkins,LAR,TE,12.4,126.5,0.7,0.1,0,0,0,0,0,0
430,JaMycal Hasty,SF,RB,2.7,18.6,0.1,0,21.5,105,0.6,0,0,0
431,Eno Benjamin,ARI,RB,3.4,27,0.1,0.1,23.5,100.4,0.6,0,0,0
432,Durham Smythe,MIA,TE,13.1,108.2,1,0,0,0,0,0,0,0
433,Jeremy McNichols,TEN,RB,4.7,31.6,0.1,0.1,21.8,96.9,0.5,0,0,0
434,Kyle Trask,TB,QB,0,0,0,0.2,1.3,5.1,0,247.5,1.8,0.7
435,Austin Fort,DEN,TE,10,102,1,0,0,0,0,0,0,0
436,Derek Carrier,LV,TE,10,92.3,1.2,0,0,0,0,0,0,0
437,Donovan Peoples-Jones,CLE,WR,9.9,124.8,0.6,0,0,0,0,0,0,0
438,Stephen Carlson,CLE,TE,8.1,88.5,1.1,0,0,0,0,0,0,0
439,Demetric Felton,CLE,RB,2.5,20.6,0,0,18.7,90.2,0.7,0,0,0
440,Travis Homer,SEA,RB,6,43.8,0.2,0.2,17.8,75.2,0.4,0,0,0
441,Jordan Thomas,IND,TE,8.3,75.5,1.3,0,0,0,0,0,0,0
442,Josh Adams,NYJ,RB,0.9,5.5,0,0,16.6,78.5,1.1,0,0,0
443,Brevin Jordan,HOU,TE,10.4,111.2,0.6,0,0,0,0,0,0,0
444,Jamal Agnew,JAC,WR,6.8,76.3,0.4,0.1,6.2,33.8,0.2,0,0,0
445,Tyler Johnson,TB,WR,8.1,102.7,0.8,0,0,0,0,0,0,0
446,Jacoby Brissett,MIA,QB,0,0,0,0.3,4.3,14.1,0.2,227.9,1.1,0.5
447,Jeff Smith,NYJ,WR,9.6,107.2,0.6,0,0,0,0,0,0,0
448,Cedrick Wilson,DAL,WR,8.4,110.1,0.6,0.1,0,0,0,0,0,0
449,Dexter Williams,GB,RB,6.6,49.2,0.3,0.1,12.7,54.2,0.4,0,0,0
450,Marquise Goodwin,CHI,WR,10.8,112.4,0.5,0,0,0,0,0,0,0
451,Dontrell Hilliard,HOU,RB,4.9,36.1,0,0,12.4,45,1,0,0,0
452,Josiah Deguara,GB,TE,9.3,96.1,0.9,0.5,0,0,0,0,0,0
453,Lamar Miller,WAS,RB,3.1,25.4,0.1,0,14.9,62.1,0.8,0,0,0
454,Blake Bell,KC,TE,10,94.8,0.7,0,0,0,0,0,0,0
455,Alex Erickson,HOU,WR,9.4,107.3,0.5,0.1,0,0,0,0,0,0
456,Cameron Batson,TEN,WR,7.2,80.1,0.6,0.1,2.5,14.9,0.1,0,0,0
457,Luke Farrell,JAC,TE,12,110.7,0.6,0.5,0,0,0,0,0,0
458,Mason Rudolph,PIT,QB,0,0,0,0.1,2.7,8.9,0.1,222.4,1.3,0.8
459,Phillip Walker,CAR,QB,0,0,0,0.5,2,6.1,0.1,287.8,0.9,1
460,D'Ernest Johnson,CLE,RB,3.6,27.5,0.1,0.2,18.5,79.5,0.4,0,0,0
461,Jordan Howard,PHI,RB,0.4,4.5,0,0,14.9,64.4,1,0,0,0
462,Mike Thomas,CIN,WR,7.5,94,0.6,0.1,0,0,0,0,0,0
463,Chris Moore,HOU,WR,8.3,92.6,0.6,0,0,0,0,0,0,0
464,Noah Brown,DAL,WR,7.6,93.7,0.6,0.1,0,0,0,0,0,0
465,Taylor Heinicke,WAS,QB,0,0,0,0.2,3,13,0.1,200.1,1.1,0.8
466,Rico Dowdle,DAL,RB,2.9,26.4,0.1,0,15.6,65.2,0.5,0,0,0
467,Royce Freeman,DEN,RB,3.6,22.5,0.1,0,16.2,67.9,0.4,0,0,0
468,Equanimeous St. Brown,GB,WR,6.5,88.2,0.6,0,0,0,0,0,0,0
469,Andy Isabella,ARI,WR,7.2,90.1,0.5,0,0,0,0,0,0,0
470,Frank Darby,ATL,WR,7.3,92.3,0.5,0,0,0,0,0,0,0
471,Ty Montgomery,NO,RB,6.1,47.9,0.2,0.1,14.3,53.9,0.1,0,0,0
472,Jordan Wilkins,IND,RB,1.7,12.3,0.1,0,14.7,72.9,0.4,0,0,0
473,Penny Hart,SEA,WR,6.7,78.3,0.6,0,0.7,3.3,0,0,0,0
474,John Bates,WAS,TE,9.5,88.2,0.6,0.5,0,0,0,0,0,0
475,Kene Nwangwu,MIN,RB,3,21,0,0,23,91,0,0,0,0
476,Trey Edmunds,PIT,RB,3.9,25.8,0.2,0,12.7,55.1,0.3,0,0,0
477,Juwan Johnson,NO,WR,7.3,97.3,0.2,0,0,0,0,0,0,0
478,Tim Boyle,DET,QB,0,0,0,0,2.7,3.3,0,181.3,1,0.3
479,Kellen Mond,MIN,QB,0,0,0,0.1,1.7,7.8,0.1,153.2,1.1,0.4
480,Ke'Shawn Vaughn,TB,RB,2.4,17.1,0.1,0,13.8,58.5,0.4,0,0,0
481,Devin Funchess,GB,WR,5.6,71.3,0.6,0,0,0,0,0,0,0
482,Tommy Sweeney,BUF,TE,6,75.7,0.5,0,0,0,0,0,0,0
483,Nick Westbrook-Ikhine,TEN,WR,5.8,77.2,0.5,0,0,0,0,0,0,0
484,Gary Brightwell,NYG,RB,2.6,18.9,0,0.1,16.2,69.4,0.3,0,0,0
485,DaeSean Hamilton,DEN,WR,7.3,75,0.5,0,0,0,0,0,0,0
486,Caleb Wilson,PHI,TE,6.8,66.8,0.6,0,0,0,0,0,0,0
487,J.P. Holtz,CHI,TE,5.9,73.4,0.5,0,0,0,0,0,0,0
488,Stephen Anderson,LAC,TE,5.9,73.2,0.4,0,0,0,0,0,0,0
489,J.J. Taylor,NE,RB,1.9,14.9,0,0,13.5,59.1,0.4,0,0,0
490,Tommy Tremble,CAR,TE,8.6,85.3,0.4,0.5,0,0,0,0,0,0
491,Patrick Ricard,BAL,RB,8.8,58,0.8,0.5,1.3,3,0,0,0,0
492,Evan Baylis,KC,TE,6.5,67.5,0.5,0,0,0,0,0,0,0
493,Tre' McKitty,LAC,TE,7,75.3,0.4,0,0,0,0,0,0,0
494,Colby Parkinson,SEA,TE,5.9,61.4,0.6,0.1,0,0,0,0,0,0
495,Gardner Minshew II,JAC,QB,0,0,0,0.6,2.4,11.9,0,160.1,1.1,0.5
496,Alec Ingold,LV,RB,6.6,54.7,0.3,0.1,4.5,18.8,0.2,0,0,0
497,Kylin Hill,GB,RB,1.5,11,0,0,20,80.6,0.1,0,0,0
498,C.J. Ham,MIN,RB,5.9,50,0.3,0.1,4.7,20,0.2,0,0,0
499,Marcus Mariota,LV,QB,0,0,0,0.1,3.4,17.7,0,152.3,0.8,0.7
500,Sam Ehlinger,IND,QB,0,0,0,0,1,4,0,128,1,0
501,Richard Rodgers,PHI,TE,4.9,64.5,0.5,0,0,0,0,0,0,0
502,Mitchell Trubisky,BUF,QB,0,0,0,0.1,3.6,15.2,0.1,134.8,0.9,0.7
503,John Ross,NYG,WR,4.3,56.4,0.5,0.1,0.7,3.9,0,0,0,0
504,Charlie Woerner,SF,TE,5.7,63.9,0.4,0,0,0,0,0,0,0
505,Colin Thompson,CAR,TE,6.3,60.4,0.5,0,0,0,0,0,0,0
506,Jeremy Sprinkle,DAL,TE,6.1,62.5,0.5,0,0,0,0,0,0,0
507,Chad Henne,KC,QB,0,0,0,0.1,1.3,5.8,0,153,0.7,0.2
508,Antonio Gandy-Golden,WAS,WR,4.8,64.8,0.4,0,0,0,0,0,0,0
509,Chris Evans,CIN,RB,2.3,17,0.1,0.1,14.9,57.3,0.1,0,0,0
510,Trace McSorley,BAL,QB,0,0,0,0.1,3.3,14.4,0.1,125.1,0.7,0.5
511,Jaeden Graham,ATL,TE,5.3,65.8,0.3,0,0,0,0,0,0,0
512,Antony Auclair,HOU,TE,4.9,54.5,0.5,0,0,0,0,0,0,0
513,Johnny Mundt,LAR,TE,5.3,56.5,0.5,0,0,0,0,0,0,0
514,Joe Flacco,PHI,QB,0,0,0,0.6,1.2,5.8,0,174.1,0.8,0.7
515,John Wolford,LAR,QB,0,0,0,0.1,1.8,9,0,149.7,0.6,0.4
516,Theo Riddick,LV,RB,5.4,42.3,0.1,0.1,7.3,30.9,0.1,0,0,0
517,Reggie Bonnafon,CAR,RB,3.4,25.2,0,0.1,12,45.5,0.1,0,0,0
518,Javon Wims,CHI,WR,5.2,70.9,0.2,0,0,0,0,0,0,0
519,Tajae Sharpe,ATL,WR,4.6,58.6,0.4,0,0,0,0,0,0,0
520,Jason Croom,PHI,TE,5.4,48.7,0.5,0,0,0,0,0,0,0
521,Garrett Gilbert,DAL,QB,0,0,0,0.1,1.5,6.2,0,142.9,0.6,0.4
522,Albert Wilson,MIA,WR,4.8,48.5,0.3,0,1.6,8.8,0,0,0,0
523,Geno Smith,SEA,QB,0,0,0,0.2,1.3,2.5,0,122,0.9,0.3
524,Alex Armah,NO,RB,4.5,36.3,0.2,0.1,4.4,18.5,0.2,0,0,0
525,Levine Toilolo,NYG,TE,5.4,46.2,0.5,0,0,0,0,0,0,0
526,Brandon Allen,CIN,QB,0,0,0,0.1,1.3,5.1,0,144.1,0.6,0.5
527,Steven Sims Jr.,WAS,WR,3.9,49.3,0.3,0,1.1,7,0,0,0,0
528,Victor Bolden Jr.,DET,WR,5.2,56.2,0.3,0,0,0,0,0,0,0
529,Ben Ellefson,JAC,TE,5,53.6,0.4,0,0,0,0,0,0,0
530,Kalif Raymond,DET,WR,4.9,64.9,0.1,0,0,0,0,0,0,0
531,Jordan Love,GB,QB,0,0,0,0.1,0.7,3.1,0,108.7,0.9,0.3
532,Chase Daniel,LAC,QB,0,0,0,0.1,1.5,5.8,0,132.1,0.6,0.5
533,Ian Book,NO,QB,0,0,0,0,1,4,0,120,1,1
534,David Blough,DET,QB,0,0,0,0.1,1.7,6.6,0,125.2,0.7,0.6
535,Malik Taylor,GB,WR,4.3,50.1,0.3,0,0,0,0,0,0,0
536,Diontae Spencer,DEN,WR,3.6,40,0.2,0,2.4,13.7,0.1,0,0,0
537,Andrew Beck,DEN,RB,4.1,28,0.2,0,4.9,21.2,0.2,0,0,0
538,Khalil Herbert,CHI,RB,2,16.3,0.1,0,8.3,34.5,0.2,0,0,0
539,Cornell Powell,KC,WR,3.8,48.7,0.3,0,0,0,0,0,0,0
540,Ihmir Smith-Marsette,MIN,WR,4.6,60.8,0.1,0,0,0,0,0,0,0
541,Logan Woodside,TEN,QB,0,0,0,0.1,2,5.4,0,90.5,0.8,0.3
542,J.J. Nelson,IND,WR,3,46.3,0.3,0,0,0,0,0,0,0
543,Isaiah Hodgins,BUF,WR,3.7,46.9,0.3,0,0,0,0,0,0,0
544,Josh Oliver,BAL,TE,4,41.6,0.4,0,0,0,0,0,0,0
545,Gerrid Doaks,MIA,RB,2.2,15.9,0.1,0,8.1,33.3,0.2,0,0,0
546,Chris Streveler,ARI,QB,0,0,0,0.2,1.6,6.7,0.1,106.3,0.6,0.5
547,Justin Watson,TB,WR,4.1,44.4,0.3,0,0,0,0,0,0,0
548,Jaelon Darden,TB,WR,4.2,48,0.3,0,0,0,0,0,0,0
549,Lil'Jordan Humphrey,NO,WR,3.6,47.2,0.3,0,0,0,0,0,0,0
550,Buddy Howell,HOU,RB,4.1,28.2,0.2,0,4,17.1,0.2,0,0,0
551,Tyler Huntley,BAL,QB,0,0,0,0,3,16,0,68,0.5,0
552,Isaac Whitney,ARI,WR,4.1,47,0.3,0,0,0,0,0,0,0
553,Marcus Johnson,TEN,WR,3.6,43.7,0.3,0,0,0,0,0,0,0
554,Blaine Gabbert,TB,QB,0,0,0,0,1.3,5.3,0,110,0.3,0
555,Ross Travis,ARI,TE,3.9,42.6,0.4,0,0,0,0,0,0,0
556,Kylen Granson,IND,TE,5.2,56.1,0.1,0,0,0,0,0,0,0
557,AJ McCarron,ATL,QB,0,0,0,0.2,0.5,2.2,0,111.5,0.6,0.4
558,Michael Warren II,DET,RB,2.3,16.7,0.1,0,7.7,31.4,0.2,0,0,0
559,Noah Togiai,IND,TE,3.9,42.9,0.3,0.1,0,0,0,0,0,0
560,Jakeem Grant Sr.,MIA,WR,3.2,35.2,0.2,0,1.5,8.4,0,0,0,0
561,Gabe Nabers,LAC,RB,3.2,25.1,0.2,0.1,3.3,14.4,0.1,0,0,0
562,Nick Bellore,SEA,RB,4.4,32,0.3,0,1.6,6.6,0,0,0,0
563,Nick Keizer,KC,TE,4.2,44.5,0.2,0,0,0,0,0,0,0
564,Mike Glennon,NYG,QB,0,0,0,0.6,1.2,5.6,0,125.1,0.6,0.4
565,Chester Rogers,TEN,WR,3.9,38.2,0.3,0,0,0,0,0,0,0
566,Gunner Olszewski,NE,WR,2.8,33.9,0.2,0,1.8,9.6,0.1,0,0,0
567,Zay Jones,LV,WR,3.3,37.3,0.3,0,0,0,0,0,0,0
568,Dazz Newsome,CHI,WR,3.3,42.6,0.2,0,0,0,0,0,0,0
569,Keith Smith,ATL,RB,3.4,26.1,0.2,0.1,3.2,13.7,0.1,0,0,0
570,Tylan Wallace,BAL,WR,3,38.7,0.3,0,0,0,0,0,0,0
571,Trent Taylor,CIN,WR,4,40.1,0.2,0,0,0,0,0,0,0
572,Mason Schreck,CIN,TE,3.5,36.5,0.3,0,0,0,0,0,0,0
573,Colt McCoy,ARI,QB,0,0,0,0,1.5,8,0,84,0.5,0.5
574,Temarrick Hemingway,WAS,TE,3.4,38.9,0.2,0,0,0,0,0,0,0
575,Jared Pinkney,TEN,TE,3.4,33.5,0.3,0,0,0,0,0,0,0
576,Alize Mack,DET,TE,4,39.3,0.2,0,0,0,0,0,0,0
577,Andy Janovich,CLE,RB,4,33.2,0.2,0,1.2,5.3,0,0,0,0
578,Quez Watkins,PHI,WR,2.9,38.3,0.2,0,0,0,0,0,0,0
579,Dwayne Haskins,PIT,QB,0,0,0,0,1.5,5,0,84.5,0.5,0.5
580,Keith Kirkwood,CAR,WR,3,38.3,0.2,0,0,0,0,0,0,0
581,Case Keenum,CLE,QB,0,0,0,0.6,0.9,3.6,0,92.9,0.6,0.4
582,Jarrett Stidham,NE,QB,0,0,0,0,2.5,5,0,76,0.5,0.5
583,Alex Collins,SEA,RB,1.4,10.6,0.1,0.1,4.8,20.2,0.2,0,0,0
584,Derek Watt,PIT,RB,1.7,12.2,0.1,0,4.2,17.8,0.1,0,0,0
585,Antonio Williams,BUF,RB,0.4,3.2,0,0,6.4,27.5,0.2,0,0,0
586,Deon Yelder,WAS,TE,2.6,29.3,0.2,0,0,0,0,0,0,0
587,Gehrig Dieter,KC,WR,2.4,31.2,0.2,0,0,0,0,0,0,0
588,Ben Mason,BAL,RB,3.5,27.6,0.2,0,0,0,0,0,0,0
589,Darwin Thompson,KC,RB,1.7,12.3,0.1,0,3.9,16.5,0.2,0,0,0
590,Zach Gentry,PIT,TE,2.7,28.6,0.2,0,0,0,0,0,0,0
591,J.J. Arcega-Whiteside,PHI,WR,2.2,31,0.2,0,0,0,0,0,0,0
592,Dwayne Washington,NO,RB,1.5,11.6,0,0,4.7,20,0.1,0,0,0
593,Damiere Byrd,CHI,WR,2.4,29.9,0.2,0,0,0,0,0,0,0
594,Michael Burton,KC,RB,1.9,14.8,0.1,0,3.3,13.9,0.1,0,0,0
595,Patrick Laird,MIA,RB,2.7,19.8,0.1,0,2.8,11.6,0.1,0,0,0
596,Dominique Dafney,GB,TE,2.4,25.8,0.2,0,0,0,0,0,0,0
597,Travis Benjamin,SF,WR,1.9,27,0.2,0,0,0,0,0,0,0
598,Garrett Griffin,NO,TE,2.3,25.8,0.2,0,0,0,0,0,0,0
599,Nsimba Webster,SF,WR,2.3,28.9,0.1,0,0,0,0,0,0,0
600,Jaydon Mickens,TB,WR,2,24.6,0.2,0,0,0,0,0,0,0
601,Simi Fehoko,DAL,WR,2,25.1,0.2,0,0,0,0,0,0,0
602,Brandon Dillon,MIN,TE,2.2,23.8,0.2,0,0,0,0,0,0,0
603,Terry Godwin,JAC,WR,2,22.6,0.2,0,0,0,0,0,0,0
604,Jesper Horsted,CHI,TE,2.3,24.3,0.1,0,0,0,0,0,0,0
605,Brandon Powell,BUF,WR,2,22.2,0.2,0,0,0,0,0,0,0
606,K.J. Osborn,MIN,WR,1.9,24.7,0.1,0,0,0,0,0,0,0
607,Cethan Carter,MIA,TE,2.5,24.2,0.1,0,0,0,0,0,0,0
608,Eric Saubert,DEN,TE,2.3,22.6,0.1,0,0,0,0,0,0,0
609,Corey Clement,NYG,RB,0.5,3.6,0,0,4.2,17.5,0.2,0,0,0
610,Braxton Berrios,NYJ,WR,1.5,17.4,0.1,0,1,5.8,0,0,0,0
611,K.J. Hill Jr.,LAC,WR,1.4,16.7,0.1,0,1,6.3,0,0,0,0
612,Jalen Camp,JAC,WR,1.8,22.2,0.1,0,0,0,0,0,0,0
613,DeMichael Harris,IND,WR,1.2,14.6,0.1,0,1.6,9,0,0,0,0
614,Devine Ozigbo,JAC,RB,1.5,11.4,0,0,2.8,12.2,0.1,0,0,0
615,Malcolm Perry,MIA,WR,1.2,11.7,0.1,0,1.8,9.4,0.1,0,0,0
616,Ricky Seals-Jones,WAS,TE,1.5,18.3,0.2,0,0,0,0,0,0,0
617,Kaden Smith,NYG,TE,2.5,22,0.1,0,0,0,0,0,0,0
618,Elijhaa Penny,NYG,RB,1.5,10.9,0,0,2.5,10.3,0.1,0,0,0
619,Troy Fumagalli,NE,TE,1.9,18.1,0.2,0,0,0,0,0,0,0
620,Kendall Hinton,DEN,WR,1.4,15.6,0.1,0,1.2,6.4,0,0,0,0
621,Allen Hurns,MIA,WR,1.6,16.8,0.2,0,0,0,0,0,0,0
622,Khari Blasingame,TEN,RB,2.3,19.5,0.1,0,0.5,2.1,0,0,0,0
623,Ashton Dulin,IND,WR,1.2,15,0.1,0,1.2,6.2,0,0,0,0
624,Seth Williams,DEN,WR,1.7,20.2,0.1,0,0,0,0,0,0,0
625,Shi Smith,CAR,WR,1.7,20.7,0.1,0,0,0,0,0,0,0
626,Tanner Hudson,TB,TE,1.5,15.7,0.1,0,0,0,0,0,0,0
627,Jakob Johnson,NE,RB,2.3,19,0.1,0,0,0,0,0,0,0
628,Nick Mullens,PHI,QB,0,0,0,1,2,4,0,70.5,0.5,0.5
629,Lee Smith,ATL,TE,1.5,14.3,0.1,0,0,0,0,0,0,0
630,Trent Sherfield,SF,WR,1.1,14.6,0.1,0,0,0,0,0,0,0
631,Trevon Wesco,NYJ,TE,1.4,14.3,0.1,0,0,0,0,0,0,0
632,Dare Ogunbowale,JAC,RB,1.4,9.4,0,0,2.1,8.8,0,0,0,0
633,Isaiah Ford,MIA,WR,1.6,15,0.1,0,0,0,0,0,0,0
634,Jonathan Williams,WAS,RB,0.9,7,0,0,2.3,9.8,0,0,0,0
635,Eric Tomlinson,BAL,TE,1.2,11.7,0.1,0,0,0,0,0,0,0
636,Joe Reed,LAC,WR,0.8,9.4,0,0,0.9,4.8,0,0,0,0
637,Matt Cole,NYJ,WR,0.9,9.5,0,0,0.9,4.3,0,0,0,0
638,Malik Turner,DAL,WR,1,13.5,0,0,0,0,0,0,0,0
639,Kalen Ballage,PIT,RB,1,5.7,0,0,2.1,8.5,0,0,0,0
640,Codey McElroy,TB,TE,0.9,8.5,0.1,0,0,0,0,0,0,0
641,Isaac Nauta,GB,TE,0.8,8.4,0.1,0,0,0,0,0,0,0
642,Taiwan Jones,BUF,RB,0.9,7.2,0,0,1.1,4.7,0,0,0,0
643,Antonio Callaway,KC,WR,0.9,11.1,0,0,0,0,0,0,0,0
644,Damion Ratley,DET,WR,1,11.5,0,0,0,0,0,0,0,0
645,Trey Quinn,LV,WR,1.2,12.3,0,0,0,0,0,0,0,0
646,Kevin Rader,PIT,TE,0.9,8.7,0,0,0,0,0,0,0,0
647,Kelvin Harmon,WAS,WR,0.8,10.6,0,0,0,0,0,0,0,0
648,Elijah McGuire,KC,RB,0.9,7.2,0,0,0.9,3.5,0,0,0,0
649,C.J. Prosise,TB,RB,1,7,0,0,0.9,3.6,0,0,0,0
650,Damarea Crockett,DEN,RB,0.9,5.5,0,0,1,4.2,0,0,0,0
651,Jason Cabinda,DET,RB,0.9,6.1,0,0,0.8,3.5,0,0,0,0
652,Sean McKeon,DAL,TE,0.9,9.7,0,0,0,0,0,0,0,0
653,Daniel Brown,NYJ,TE,0.9,8.5,0,0,0,0,0,0,0,0
654,Tyrone Swoopes,WAS,TE,0.9,9.6,0,0,0,0,0,0,0,0
655,Jason Huntley,PHI,RB,0.9,6,0,0,0.9,3.9,0,0,0,0
656,Nathan Cottrell,JAC,RB,0.9,6.2,0,0,0.9,3.6,0,0,0,0
657,LeVante Bellamy,DEN,RB,0.9,5.5,0,0,1,4.4,0,0,0,0
658,Austin Walter,NYJ,RB,0.9,6.3,0,0,0.9,3.6,0,0,0,0
659,Isaiah Wright,WAS,WR,0.9,9.6,0,0,0,0,0,0,0,0
660,Adrian Killins Jr.,PHI,RB,0.9,6,0,0,0.9,3.9,0,0,0,0
661,Artavis Pierce,CHI,RB,0.9,6.3,0,0,0.9,3.8,0,0,0,0
662,Ryan Nall,CHI,RB,0.9,6.5,0,0,0.9,3.7,0,0,0,0
663,John Hightower,PHI,WR,0.7,9.6,0,0,0,0,0,0,0,0
664,Marcus Kemp,KC,WR,0.9,9.6,0,0,0,0,0,0,0,0
665,Vyncint Smith,NYJ,WR,0.9,10.1,0,0,0,0,0,0,0,0
666,DeAndre Carter,WAS,WR,0.9,10.4,0,0,0,0,0,0,0,0
667,Jason Moore,LAC,WR,0.8,9.6,0,0,0,0,0,0,0,0
668,Cullen Gillaspia,NYG,RB,0.9,5.2,0,0,0.9,3.7,0,0,0,0
669,Jake Lampman,NO,WR,0.7,9.4,0,0,0,0,0,0,0,0
670,Derrick Willies,CLE,WR,0.7,8.8,0,0,0,0,0,0,0,0
671,Marvin Hall,NE,WR,0.7,9,0,0,0,0,0,0,0,0
672,Darvin Kidsy,SEA,WR,0.8,8.9,0,0,0,0,0,0,0,0
673,Taquan Mizzell,NYG,RB,0.9,5.4,0,0,0.9,3.7,0,0,0,0
674,Ja'Marcus Bradley,CLE,WR,0.7,8.6,0,0,0,0,0,0,0,0
675,JoJo Natson,CLE,WR,0.7,8.6,0,0,0,0,0,0,0,0
676,River Cracraft,SF,WR,0.7,8.6,0,0,0,0,0,0,0,0
677,Dan Chisena,MIN,WR,0.7,8.7,0,0,0,0,0,0,0,0
678,Alexander Hollins,CLE,WR,0.7,8.7,0,0,0,0,0,0,0,0
679,Chad Williams,KC,WR,0.8,8.8,0,0,0,0,0,0,0,0
680,Robert Foster,MIA,WR,0.7,8.8,0,0,0,0,0,0,0,0
681,Jordan Franks,CLE,TE,0.8,8.2,0,0,0,0,0,0,0,0
682,MyCole Pruitt,SF,TE,0.9,8.5,0,0,0,0,0,0,0,0
683,Stanley Morgan Jr.,CIN,WR,0.8,9,0,0,0,0,0,0,0,0
684,KhaDarel Hodge,CLE,WR,0.7,9,0,0,0,0,0,0,0,0
685,John Ursua,SEA,WR,0.8,9,0,0,0,0,0,0,0,0
686,Cyril Grayson Jr.,TB,WR,0.9,9,0,0,0,0,0,0,0,0
687,Lawrence Cager,NYJ,WR,0.8,9,0,0,0,0,0,0,0,0
688,Tanner Gentry,BUF,WR,0.8,9.3,0,0,0,0,0,0,0,0
689,Trenton Cannon,CAR,RB,0.8,5,0,0,1,4,0,0,0,0
690,Jordan Scarlett,MIA,RB,0.9,5.3,0,0,0.9,3.9,0,0,0,0
691,Scottie Phillips,HOU,RB,0.9,5.9,0,0,0.8,3.5,0,0,0,0
692,Darrius Shepherd,KC,WR,0.9,9.5,0,0,0,0,0,0,0,0
693,Josh Malone,NYJ,WR,0.9,9.4,0,0,0,0,0,0,0,0
694,Jeff Badet,ATL,WR,0.9,9.3,0,0,0,0,0,0,0,0
695,Chris Rowland,ATL,WR,0.9,9.3,0,0,0,0,0,0,0,0
696,Keelan Doss,LV,WR,0.8,9.3,0,0,0,0,0,0,0,0
697,Riley Ridley,CHI,WR,0.8,9.2,0,0,0,0,0,0,0,0
698,Chad Hansen,DET,WR,0.9,9.2,0,0,0,0,0,0,0,0
699,Trenton Irwin,CIN,WR,0.8,9.2,0,0,0,0,0,0,0,0
700,Marcell Ateman,LV,WR,0.7,9.1,0,0,0,0,0,0,0,0
701,Cody Hollister,TEN,WR,0.7,8,0,0,0,0,0,0,0,0
702,Dante Pettis,NYG,WR,0.7,8.5,0,0,0,0,0,0,0,0
703,Laquon Treadwell,JAC,WR,0.8,8.4,0,0,0,0,0,0,0,0
704,Mack Hollins,MIA,WR,0.9,8.4,0,0,0,0,0,0,0,0
705,Kevin White,SF,WR,0.7,8.3,0,0,0,0,0,0,0,0
706,Tyrie Cleveland,DEN,WR,0.7,8,0,0,0,0,0,0,0,0
707,Fred Brown,TEN,WR,0.7,8,0,0,0,0,0,0,0,0
708,C.J. Board,NYG,WR,0.7,7.7,0,0,0,0,0,0,0,0
709,Brandon Zylstra,CAR,WR,0.7,7.5,0,0,0,0,0,0,0,0
710,Hakeem Butler,PHI,TE,0.8,8.3,0,0,0,0,0,0,0,0
711,Tim Tebow,JAC,TE,0.9,8.4,0,0,0,0,0,0,0,0
712,Jake Butt,CHI,TE,0.8,8.4,0,0,0,0,0,0,0,0
713,Ishmael Hyman,CAR,WR,0.7,7.4,0,0,0,0,0,0,0,0
714,Ryan Switzer,CLE,WR,0.8,7.3,0,0,0,0,0,0,0,0
715,James Proche,BAL,WR,0.7,7,0,0,0,0,0,0,0,0
716,Matt LaCosse,NE,TE,0.7,6.9,0,0,0,0,0,0,0,0
717,Cole Hikutini,NYG,TE,0.8,7.2,0,0,0,0,0,0,0,0
718,Tony Jones Jr.,NO,RB,0.2,0.4,0,0,0.9,0.7,0,0,0,0
720,Nate Sudfeld,SF,QB,0,0,0,0,0,0,0,0,0,0
721,Ben DiNucci,DAL,QB,0,0,0,0,0,0,0,0,0,0
722,Josh Rosen,SF,QB,0,0,0,0,0,0,0,0,0,0
723,Trevor Siemian,NO,QB,0,0,0,0,0,0,0,0,0,0
724,Jake Luton,JAC,QB,0,0,0,0,0,0,0,0,0,0
725,Cooper Rush,DAL,QB,0,0,0,0,0,0,0,0,0,0
726,Ryan Griffin,TB,QB,0,0,0,0,0,0,0,0,0,0
727,Devlin Hodges,LAR,QB,0,0,0,0,0,0,0,0,0,0
728,C.J. Beathard,JAC,QB,0,0,0,0,0,0,0,0,0,0
729,Easton Stick,LAC,QB,0,0,0,0,0,0,0,0,0,0
730,Joshua Dobbs,PIT,QB,0,0,0,0,0,0,0,0,0,0
731,Brett Rypien,DEN,QB,0,0,0,0,0,0,0,0,0,0
732,Nathan Peterman,LV,QB,0,0,0,0,0,0,0,0,0,0
733,DeShone Kizer,TEN,QB,0,0,0,0,0,0,0,0,0,0
734,Will Grier,CAR,QB,0,0,0,0,0,0,0,0,0,0
735,Kyle Lauletta,CLE,QB,0,0,0,0,0,0,0,0,0,0
736,Nick Foles,CHI,QB,0,0,0,0,0,0,0,0,0,0
